<?xml version="1.0" encoding="UTF-8"?>
<metadata xml:lang="en"><Esri><CreaDate>20231109</CreaDate><CreaTime>17262400</CreaTime><ArcGISFormat>1.0</ArcGISFormat><ArcGISstyle>ISO 19139 Metadata Implementation Specification</ArcGISstyle><SyncOnce>FALSE</SyncOnce><DataProperties><lineage><Process ToolSource="c:\program files (x86)\arcgis\desktop10.7\ArcToolbox\Toolboxes\Conversion Tools.tbx\FeatureclassToCoverage" Date="20200525" Time="115328" Name="" export="">FeatureclassToCoverage "'Geomorphic Zone' POLYGON" C:\Temp\crb_cov # DOUBLE</Process><Process ToolSource="c:\program files (x86)\arcgis\desktop10.7\ArcToolbox\Toolboxes\Data Management Tools.tbx\PolygonToLine" Date="20210106" Time="142909" Name="" export="">PolygonToLine car_moot_coastlinePlanet_2019 C:\Caribbean\x_VM_Master\Core\Caribbean_core.gdb\car_moot_coastlinePlanet_line_2020 IDENTIFY_NEIGHBORS</Process><Process ToolSource="c:\program files\arcgis\pro\Resources\ArcToolbox\toolboxes\Analysis Tools.tbx\Intersect" Date="20231109" Time="161557">Intersect "car_moot_coastlinePlanet_line_2020 #;StJohn_FZ_rp500_base_summary_points_ThiessenPoly_Dissolve #" D:\Caribbean\6_Projects\2022_USVI_FEMA_VITEMA\DST_Layers_GEE\SummaryPts_WithIDs\StJohn_FZ_rp500_base_summary_points\StJohn_Coastline_Intersect_SummaryPts_TransOrder.shp "All attributes" # "Same as input"</Process><Process ToolSource="c:\program files\arcgis\pro\Resources\ArcToolbox\toolboxes\Data Management Tools.tbx\CopyMultiple" Date="20231109" Time="172624">CopyMultiple "D:\Caribbean\6_Projects\2022_USVI_FEMA_VITEMA\DST_Layers_GEE\SummaryPts_WithIDs\StCroix_FZ_rp500_base_summary_points\StCroix_Coastline_Intersect_SummaryPts_TransOrder.shp shapefile_line;D:\Caribbean\6_Projects\2022_USVI_FEMA_VITEMA\DST_Layers_GEE\SummaryPts_WithIDs\StJohn_FZ_rp500_base_summary_points\StJohn_Coastline_Intersect_SummaryPts_TransOrder.shp shapefile_line;D:\Caribbean\6_Projects\2022_USVI_FEMA_VITEMA\DST_Layers_GEE\SummaryPts_WithIDs\StThomas_FZ_rp500_base_summary_points\StThomas_Coastline_Intersect_SummaryPts_TransOrder_Merge.shp shapefile_line" D:\Caribbean\6_Projects\2022_USVI_FEMA_VITEMA\DST_Layers_GEE\SummaryPts_WithIDs\CoastalSegments_ForBorja StCroix_Coastline_Intersect_SummaryPts_TransOrder;StJohn_Coastline_Intersect_SummaryPts_TransOrder;StThomas_Coastline_Intersect_SummaryPts_TransOrder_Merge "StCroix_Coastline_Intersect_SummaryPts_TransOrder FeatureClass StCroix_Coastline_Intersect_SummaryPts_TransOrder.shp #;StJohn_Coastline_Intersect_SummaryPts_TransOrder FeatureClass StJohn_Coastline_Intersect_SummaryPts_TransOrder.shp #;StThomas_Coastline_Intersect_SummaryPts_TransOrder_Merge FeatureClass StThomas_Coastline_Intersect_SummaryPts_TransOrder_Merge.shp #"</Process></lineage><itemProps><itemLocation><linkage Sync="TRUE">file://\\CO975-8V1RXD3\D$\Caribbean\6_Projects\2022_USVI_FEMA_VITEMA\DST_Layers_GEE\SummaryPts_WithIDs\CoastalSegments_ForBorja\StJohn_Coastline_Intersect_SummaryPts_TransOrder</linkage><protocol Sync="TRUE">Local Area Network</protocol></itemLocation><itemName Sync="TRUE">StJohn_Coastline_Intersect_SummaryPts_TransOrder</itemName><imsContentType Sync="TRUE">002</imsContentType><nativeExtBox><westBL Sync="TRUE">-1381239.354316</westBL><eastBL Sync="TRUE">1790623.916904</eastBL><southBL Sync="TRUE">-882761.099219</southBL><northBL Sync="TRUE">1247775.091213</northBL><exTypeCode Sync="TRUE">1</exTypeCode></nativeExtBox><itemSize Sync="TRUE">0.000</itemSize></itemProps><coordRef><type Sync="TRUE">Projected</type><geogcsn Sync="TRUE">GCS_WGS_1984</geogcsn><csUnits Sync="TRUE">Linear Unit: Meters (1.000000)</csUnits><projcsn Sync="TRUE">WGS_1984_Lambert_Azimuthal_Equal_Area</projcsn><peXml Sync="TRUE">&lt;ProjectedCoordinateSystem xsi:type='typens:ProjectedCoordinateSystem' xmlns:xsi='http://www.w3.org/2001/XMLSchema-instance' xmlns:xs='http://www.w3.org/2001/XMLSchema' xmlns:typens='http://www.esri.com/schemas/ArcGIS/3.0.0'&gt;&lt;WKT&gt;PROJCS[&amp;quot;WGS_1984_Lambert_Azimuthal_Equal_Area&amp;quot;,GEOGCS[&amp;quot;GCS_WGS_1984&amp;quot;,DATUM[&amp;quot;D_WGS_1984&amp;quot;,SPHEROID[&amp;quot;WGS_1984&amp;quot;,6378137.0,298.257223563]],PRIMEM[&amp;quot;Greenwich&amp;quot;,0.0],UNIT[&amp;quot;Degree&amp;quot;,0.0174532925199433]],PROJECTION[&amp;quot;Lambert_Azimuthal_Equal_Area&amp;quot;],PARAMETER[&amp;quot;false_easting&amp;quot;,0.0],PARAMETER[&amp;quot;false_northing&amp;quot;,0.0],PARAMETER[&amp;quot;central_meridian&amp;quot;,-76.0],PARAMETER[&amp;quot;latitude_of_origin&amp;quot;,16.0],UNIT[&amp;quot;Meters&amp;quot;,1.0]]&lt;/WKT&gt;&lt;XOrigin&gt;-12755300&lt;/XOrigin&gt;&lt;YOrigin&gt;-12729000&lt;/YOrigin&gt;&lt;XYScale&gt;353076731.03498113&lt;/XYScale&gt;&lt;ZOrigin&gt;-100000&lt;/ZOrigin&gt;&lt;ZScale&gt;10000&lt;/ZScale&gt;&lt;MOrigin&gt;-100000&lt;/MOrigin&gt;&lt;MScale&gt;10000&lt;/MScale&gt;&lt;XYTolerance&gt;0.001&lt;/XYTolerance&gt;&lt;ZTolerance&gt;0.001&lt;/ZTolerance&gt;&lt;MTolerance&gt;0.001&lt;/MTolerance&gt;&lt;HighPrecision&gt;true&lt;/HighPrecision&gt;&lt;/ProjectedCoordinateSystem&gt;</peXml></coordRef><copyHistory><copy source="D:\Caribbean\6_Projects\2022_USVI_FEMA_VITEMA\DST_Layers_GEE\SummaryPts_WithIDs\StJohn_FZ_rp500_base_summary_points\StJohn_Coastline_Intersect_SummaryPts_TransOrder" dest="\\CO975-8V1RXD3\D$\Caribbean\6_Projects\2022_USVI_FEMA_VITEMA\DST_Layers_GEE\SummaryPts_WithIDs\CoastalSegments_ForBorja\StJohn_Coastline_Intersect_SummaryPts_TransOrder" date="20231109" time="17262400"></copy></copyHistory></DataProperties><SyncDate>20231109</SyncDate><SyncTime>16155700</SyncTime><ModDate>20231109</ModDate><ModTime>16155700</ModTime><scaleRange><minScale>150000000</minScale><maxScale>5000</maxScale></scaleRange><ArcGISProfile>ItemDescription</ArcGISProfile></Esri><dataIdInfo><envirDesc Sync="TRUE">Microsoft Windows 10 Version 10.0 (Build 19044) ; Esri ArcGIS 13.0.0.36056</envirDesc><dataLang><languageCode value="eng" Sync="TRUE"/><countryCode value="USA" Sync="TRUE"/></dataLang><idCitation><resTitle Sync="TRUE">StJohn_Coastline_Intersect_SummaryPts_TransOrder</resTitle><presForm><PresFormCd value="005" Sync="TRUE"/></presForm></idCitation><spatRpType><SpatRepTypCd value="001" Sync="TRUE"/></spatRpType><dataExt><geoEle xmlns=""><GeoBndBox esriExtentType="search"><exTypeCode Sync="TRUE">1</exTypeCode><westBL Sync="TRUE">-89.876028</westBL><eastBL Sync="TRUE">-58.016409</eastBL><northBL Sync="TRUE">27.287729</northBL><southBL Sync="TRUE">7.462652</southBL></GeoBndBox></geoEle></dataExt><idCredit>The Nature Conservancy in the Caribbean &lt;caribgis@tnc.org&gt; </idCredit><idAbs>&lt;DIV STYLE="text-align:Left;"&gt;&lt;DIV&gt;&lt;DIV&gt;&lt;P&gt;&lt;SPAN&gt;&lt;SPAN&gt;This was derived from manual digitization from Planet imagery. Working closely with the technical staff at the Center for Global Discovery and Conservation Science at Arizona State University and Planet, TNC assembled a Caribbean-wide mosaic that blends thousands of cloud-free Dove satellite scenes acquired between 2018-2019. The data product was completed by a contractor for TNC in 2020. Visit CaribbeanMarineMaps.tnc.org for more info.&lt;/SPAN&gt;&lt;/SPAN&gt;&lt;/P&gt;&lt;P&gt;&lt;SPAN /&gt;&lt;/P&gt;&lt;/DIV&gt;&lt;/DIV&gt;&lt;/DIV&gt;</idAbs><idPurp>Caribbean coastline polyline</idPurp><resConst><Consts><useLimit>&lt;DIV STYLE="text-align:Left;"&gt;&lt;DIV&gt;&lt;DIV&gt;&lt;P&gt;&lt;SPAN STYLE="font-weight:bold;"&gt;The Nature Conservancy in the Caribbean &amp;lt;caribgis@tnc.org&amp;gt; CaribbeanScienceAtlas.tnc.org&lt;/SPAN&gt;&lt;/P&gt;&lt;P&gt;&lt;SPAN&gt;&lt;SPAN&gt;Any Geographic Information System (GIS) data or information received from The Nature Conservancy (TNC) or downloaded from a TNC site (collectively “GIS Data”) is licensed under a Creative Commons Attribution-Noncommercial-Share Alike 3.0 License (http://creativecommons.org/licenses/by-nc-sa/3.0/). More specific limitations of this data are stated below. By using this information, you acknowledge that you have read, understood, and accepted the terms and conditions stated in this GIS Data User Agreement. TNC reserves the right to change this Agreement at any time and without notice. Your use of this information shall constitute your agreement to be bound by this Agreement and any changes.&lt;/SPAN&gt;&lt;/SPAN&gt;&lt;/P&gt;&lt;P&gt;&lt;SPAN&gt;&lt;SPAN&gt;The user hereby acknowledges that the GIS Data is subject to constant change and that its accuracy, including but not limited to, its accuracy as to labeling, dimensions, boundaries, placement or location of any map features therein, cannot be guaranteed. All GIS Data is provided as is, with potential faults, errors and without warranty of any kind, expressed or implied, including, but not limited to, the implied warranties of merchantability and fitness for a particular purpose. Additionally, TNC does not warrant that the information contained in this GIS Data will meet the user's requirements or that the operation of the GIS Data will be uninterrupted or error free, or that data defects will be corrected. The entire risk as to the quality, performance and usefulness of the GIS Data rests with the user.&lt;/SPAN&gt;&lt;/SPAN&gt;&lt;/P&gt;&lt;P&gt;&lt;SPAN&gt;&lt;SPAN&gt;The user, in using this GIS Data, hereby releases TNC, their agents, consultants, contractors or employees from any and all claims, actions, or causes of action for damages including, but not limited to, any costs of recovering, reprogramming or reproducing any programs or data stored in or used with the GIS Data, damage to property, damages for personal injury or for any lost profits, lost savings, or other special, incidental or consequential damages arising out of the use of or inability to use the GIS Data, even if such parties have been advised of the possibility of such damage. User agrees to indemnify and hold harmless TNC, their agents, consultants, contractors and employees from any and all liability claims or damages to any person or property arising from or connected with the use of the GIS Data.&lt;/SPAN&gt;&lt;/SPAN&gt;&lt;/P&gt;&lt;P&gt;&lt;SPAN&gt;&lt;SPAN&gt;Further Data Restrictions&lt;/SPAN&gt;&lt;/SPAN&gt;&lt;/P&gt;&lt;P&gt;&lt;SPAN&gt;&lt;SPAN&gt;Use of the GIS Data is limited to academic or scientific purposes and may not be used for profitable purposes or by a for-profit corporation. The user hereby commits to acknowledge The Nature Conservancy as the data source and compiler when GIS Data received from TNC (through formal delivery or from a website) is used in the preparation of reports, papers, publications, maps and any other products. Any use, display or incorporation of GIS Data shall include the date on which such information was provided.&lt;/SPAN&gt;&lt;/SPAN&gt;&lt;/P&gt;&lt;P&gt;&lt;SPAN&gt;&lt;SPAN&gt;The user also agrees to provide TNC, at no cost to TNC, a digital copy of any Geo-Spatial Data, tabular data, reports, imagery, drawing(s), plan(s), and any other form of result that were derived directly or indirectly from the use ofthese data provided by TNC along with its associated metadata.&lt;/SPAN&gt;&lt;/SPAN&gt;&lt;/P&gt;&lt;P&gt;&lt;SPAN&gt;To ensure that appropriate documentation and data limitations are provided, downloaded data should not be redistributed to third-party users or uploaded to a central server unless written permission is granted by the TNC’s Caribbean Program GIS data manager (caribgis@tnc.org).&lt;/SPAN&gt;&lt;/P&gt;&lt;P&gt;&lt;SPAN&gt;&lt;SPAN&gt;When such GIS Data is used the following disclaimer and waiver of liability shall be included and displayed prominently so as to alert any person viewing or utilizing this information:&lt;/SPAN&gt;&lt;/SPAN&gt;&lt;/P&gt;&lt;P&gt;&lt;SPAN&gt;NOTICE: It is understood that, while The Nature Conservancy and its partners of information have no indication or reason to believe that there are inaccuracies or defects in information incorporated in the base map, The Nature Conservancy and its data partners make NO REPRESENTATIONS OF ANY KIND, INCLUDING BUT NOT LIMITED TO WARRANTIES OF MERCHANTABILITY OR FITNESS FOR A PARTICULAR USE, NOR ARE ANY SUCH WARRANTIES TO BE IMPLIED, WITH RESPECT TO THE INFORMATION OR DATA, FURNISHED HEREIN.&lt;/SPAN&gt;&lt;/P&gt;&lt;P&gt;&lt;SPAN /&gt;&lt;/P&gt;&lt;P&gt;&lt;SPAN /&gt;&lt;/P&gt;&lt;/DIV&gt;&lt;/DIV&gt;&lt;/DIV&gt;</useLimit></Consts></resConst></dataIdInfo><mdLang><languageCode value="eng" Sync="TRUE"/><countryCode value="USA" Sync="TRUE"/></mdLang><distInfo><distFormat><formatName Sync="TRUE">Shapefile</formatName></distFormat><distTranOps><transSize Sync="TRUE">0.000</transSize></distTranOps></distInfo><mdHrLv><ScopeCd value="005" Sync="TRUE"/></mdHrLv><mdHrLvName Sync="TRUE">dataset</mdHrLvName><refSysInfo><RefSystem><refSysID><identCode code="0" Sync="TRUE"/></refSysID></RefSystem></refSysInfo><spatRepInfo><VectSpatRep><geometObjs Name="StJohn_Coastline_Intersect_SummaryPts_TransOrder"><geoObjTyp><GeoObjTypCd value="002" Sync="TRUE"></GeoObjTypCd></geoObjTyp><geoObjCnt Sync="TRUE">0</geoObjCnt></geometObjs><topLvl><TopoLevCd value="001" Sync="TRUE"></TopoLevCd></topLvl></VectSpatRep></spatRepInfo><spdoinfo><ptvctinf><esriterm Name="StJohn_Coastline_Intersect_SummaryPts_TransOrder"><efeatyp Sync="TRUE">Simple</efeatyp><efeageom code="3" Sync="TRUE"></efeageom><esritopo Sync="TRUE">FALSE</esritopo><efeacnt Sync="TRUE">0</efeacnt><spindex Sync="TRUE">FALSE</spindex><linrefer Sync="TRUE">FALSE</linrefer></esriterm></ptvctinf></spdoinfo><eainfo><detailed Name="StJohn_Coastline_Intersect_SummaryPts_TransOrder"><enttyp><enttypl Sync="TRUE">StJohn_Coastline_Intersect_SummaryPts_TransOrder</enttypl><enttypt Sync="TRUE">Feature Class</enttypt><enttypc Sync="TRUE">0</enttypc></enttyp><attr><attrlabl Sync="TRUE">FID</attrlabl><attalias Sync="TRUE">FID</attalias><attrtype Sync="TRUE">OID</attrtype><attwidth Sync="TRUE">4</attwidth><atprecis Sync="TRUE">0</atprecis><attscale Sync="TRUE">0</attscale><attrdef Sync="TRUE">Internal feature number.</attrdef><attrdefs Sync="TRUE">Esri</attrdefs><attrdomv><udom Sync="TRUE">Sequential unique whole numbers that are automatically generated.</udom></attrdomv></attr><attr><attrlabl Sync="TRUE">Shape</attrlabl><attalias Sync="TRUE">Shape</attalias><attrtype Sync="TRUE">Geometry</attrtype><attwidth Sync="TRUE">0</attwidth><atprecis Sync="TRUE">0</atprecis><attscale Sync="TRUE">0</attscale><attrdef Sync="TRUE">Feature geometry.</attrdef><attrdefs Sync="TRUE">Esri</attrdefs><attrdomv><udom Sync="TRUE">Coordinates defining the features.</udom></attrdomv></attr><attr><attrlabl Sync="TRUE">FID_car_mo</attrlabl><attalias Sync="TRUE">FID_car_mo</attalias><attrtype Sync="TRUE">Integer</attrtype><attwidth Sync="TRUE">10</attwidth><atprecis Sync="TRUE">10</atprecis><attscale Sync="TRUE">0</attscale></attr><attr><attrlabl Sync="TRUE">LEFT_FID</attrlabl><attalias Sync="TRUE">LEFT_FID</attalias><attrtype Sync="TRUE">Integer</attrtype><attwidth Sync="TRUE">10</attwidth><atprecis Sync="TRUE">10</atprecis><attscale Sync="TRUE">0</attscale></attr><attr><attrlabl Sync="TRUE">RIGHT_FID</attrlabl><attalias Sync="TRUE">RIGHT_FID</attalias><attrtype Sync="TRUE">Integer</attrtype><attwidth Sync="TRUE">10</attwidth><atprecis Sync="TRUE">10</atprecis><attscale Sync="TRUE">0</attscale></attr><attr><attrlabl Sync="TRUE">Shape_Leng</attrlabl><attalias Sync="TRUE">Shape_Leng</attalias><attrtype Sync="TRUE">Double</attrtype><attwidth Sync="TRUE">19</attwidth><atprecis Sync="TRUE">0</atprecis><attscale Sync="TRUE">0</attscale></attr><attr><attrlabl Sync="TRUE">FID_StJohn</attrlabl><attalias Sync="TRUE">FID_StJohn</attalias><attrtype Sync="TRUE">Integer</attrtype><attwidth Sync="TRUE">10</attwidth><atprecis Sync="TRUE">10</atprecis><attscale Sync="TRUE">0</attscale></attr><attr><attrlabl Sync="TRUE">TransOrder</attrlabl><attalias Sync="TRUE">TransOrder</attalias><attrtype Sync="TRUE">Integer</attrtype><attwidth Sync="TRUE">10</attwidth><atprecis Sync="TRUE">10</atprecis><attscale Sync="TRUE">0</attscale></attr></detailed></eainfo><mdDateSt Sync="TRUE">20231109</mdDateSt></metadata>
