,CensusBlock,OccupancyWeightedValue
6435124,780109703001005,725.5134215452483
6435125,780109703001006,895.7490331138224
6435126,780109703001007,0.0
6435127,780109703001008,1487.5513442242182
6435128,780109703001009,0.0
6435129,780109703001010,2165.993253737917
6435130,780109703001011,11401.875400345267
6435131,780109703001012,0.0
6435132,780109703001013,0.0
6435133,780109703001014,2777.121299457736
6435134,780109703001015,166.67318067148477
6435135,780109703001016,0.0
6435136,780109703001017,0.0
6435137,780109703001018,0.0
6435138,780109703001019,0.0
6435139,780109703001020,0.0
6435140,780109703001021,0.0
6435141,780109703001022,0.0
6435142,780109703002000,2412.9239518073673
6435143,780109703002001,694.1778450076467
6435144,780109703002002,1397.8588660874766
6435145,780109703002003,0.0
6435146,780109703002004,38.856691594541175
6435147,780109703002005,157.82911430948627
6435148,780109703002006,537.4197976165659
6435149,780109703002007,2216.437194268551
6435150,780109703002008,20.913923354296074
6435151,780109703002009,5769.652210274429
6435152,780109703003000,8020.618654343273
6435153,780109703003001,2144.521695234779
6435154,780109703003002,1867.9586248542741
6435155,780109703003003,1051.417018086963
6435156,780109703003004,3991.051968617785
6435157,780109703003005,0.0
6435158,780109703003006,156.63412037289615
6435159,780109703003007,1366.7864985207684
6435160,780109703003008,0.0
6435161,780109703003009,0.0
6435162,780109703003010,25.38141554789262
6435163,780109703003011,694.5963812882095
6435164,780109703003012,1018.1831506395407
6435165,780109704001000,0.0
6435166,780109704001001,40.413023963845504
6435167,780109704001002,312.48078557509297
6435168,780109704001003,869.8580067309812
6435169,780109704001004,1048.5933370025814
6435170,780109704001005,120.44088074229776
6435171,780109704001006,3404.8271918078526
6435172,780109704001007,34.81324144431387
6435173,780109704001008,447.2726288177858
6435174,780109704001009,6640.422598660482
6435175,780109704001010,5586.147684781496
6435176,780109704001011,367.5634048939337
6435177,780109704001012,877.1166663249544
6435178,780109704001013,12439.144481823156
6435179,780109704001014,223.71001250504565
6435180,780109704001015,0.0
6435181,780109704001016,80.65621768694918
6435182,780109704001017,822.6459403857863
6435183,780109704001018,1638.885176486393
6435184,780109704001019,5631.477437970001
6435185,780109704001020,2723.7925863481105
6435186,780109704002000,9032.112049258054
6435187,780109704002001,0.0
6435188,780109704002002,225.24520469903132
6435189,780109704002003,2045.4904854132596
6435190,780109704002004,564.3333919221676
6435191,780109704002005,1058.4559645094787
6435192,780109704002006,4973.816427083331
6435193,780109704002007,2248.417584955284
6435194,780109704002008,1269.681644629357
6435195,780109704002009,2093.307329214942
6435196,780109704002010,0.0
6435197,780109704002011,1817.1791710601335
6435198,780109704002012,1706.9929201488915
6435199,780109704002013,2883.2742333831525
6435200,780109704002014,3093.6641376064695
6435201,780109704002015,1763.0616008344912
6435202,780109704002016,1283.6311703500035
6435203,780109704002017,2766.1335291127657
6435204,780109704002018,1250.0337699660608
6435205,780109704002019,311.53916085436686
6435206,780109704002020,2178.756849818928
6435207,780109704002021,1188.1125376110035
6435208,780109704002022,3210.5753953931257
6435209,780109704003000,2730.9705842932426
6435210,780109704003001,729.5516719751929
6435211,780109704003002,828.0059023824198
6435212,780109704003003,1047.0741421655282
6435213,780109704003004,2365.2953913377223
6435214,780109704003005,1348.0383290942084
6435215,780109704003006,997.0343561802268
6435216,780109704003007,1539.0248744327318
6435217,780109704003008,226.63625995915152
6435218,780109704003009,111.12460116982686
6435219,780109704003010,1924.3076590126193
6435220,780109704003011,5053.339322818696
6435221,780109704003012,1208.671597481445
6435222,780109704003013,2648.391524535675
6435223,780109704004000,1088.8346031563015
6435224,780109704004001,4940.283093168768
6435225,780109704004002,3193.192537989978
6435226,780109704004003,208.6658696793114
6435227,780109704004004,6422.144911909683
6435228,780109704004006,3416.802138565345
6435229,780109704004007,851.3027968100089
6435230,780109704004008,2032.7895774584904
6435231,780109704004009,86.85422668604689
6435232,780109704004010,49.739388534808704
6435233,780109704004011,1776.8817659969648
6435234,780109704004012,375.739396172025
6435235,780109704004013,0.0
6435236,780109704004014,0.0
6435237,780109704004015,785.8986047836173
6435238,780109704004016,1383.1855521592145
6435239,780109704004017,705.0559450926587
6435240,780109704004018,0.0
6435241,780109704004019,351.7376966680654
6435242,780109704004020,992.1346674548154
6435243,780109704004022,161.32915844657572
6435244,780109704004024,0.0
6435245,780109704004025,416.4299195109318
6435246,780109704004026,201.1210433166769
6435247,780109704004029,0.0
6435248,780109704004030,5.631166285258213
6435249,780109704004031,0.0
6435250,780109704004032,336.43639359361856
6435251,780109704004033,0.0
6435252,780109704004038,384.50101225015516
6435253,780109704004039,0.0
6435254,780109704004042,1173.52926765645
6435255,780109704004044,0.0
6435256,780109704004046,572.5409234308095
6435257,780109704004047,1041.1016965742303
6435258,780109704004048,18944.15190465448
6435259,780109704004050,0.0
6435260,780109704004053,4255.280142517388
6435261,780109704004054,0.0
6435262,780109704004055,2337.3342372215984
6435263,780109704004057,0.0
6435264,780109704004062,0.0
6435265,780109704004063,587.4257426670378
6435266,780109704005000,0.0
6435267,780109704005001,0.0
6435268,780109704005003,84.63759914003026
6435269,780109704005004,83.11249416786892
6435270,780109704005005,0.0
6435271,780109704005006,209.93515960244397
6435272,780109704005007,0.0
6435273,780109704005008,0.0
6435274,780109704005010,110.05983700628286
6435275,780109705001000,179.654050715892
6435276,780109705001001,0.0
6435277,780109705001002,0.0
6435278,780109705001003,206.40841628410794
6435279,780109705001004,0.0
6435280,780109705001005,235.75534775983903
6435281,780109705001006,1156.4799313652397
6435282,780109705001007,1406.9002697276958
6435283,780109705001008,81.74600279635057
6435284,780109705001009,573.4859953977237
6435285,780109705001010,131.93924581894947
6435286,780109705001011,595.642029653139
6435287,780109705001012,502.21039301479937
6435288,780109705001013,220.78254744366242
6435289,780109705001014,125.46497526172745
6435290,780109705001015,413.95735824512906
6435291,780109705001016,91.37008932425529
6435292,780109705001017,0.0
6435293,780109705001018,737.8083011441557
6435294,780109705001019,1257.618107123399
6435295,780109705001020,390.72653624298306
6435296,780109705002000,53.7747517299987
6435297,780109705002001,151.8538272809764
6435298,780109705002002,74.78166925984874
6435299,780109705002003,2019.7845992438606
6435300,780109705002004,677.2959681949519
6435301,780109705002005,351.1220435328807
6435302,780109705002006,359.7470750818258
6435303,780109705002007,0.0
6435304,780109705002008,0.0
6435305,780109705002009,0.0
6435306,780109705002010,187.94103103566061
6435307,780109705002011,0.0
6435308,780109705002012,0.0
6435309,780109705002013,0.0
6435310,780109705002014,671.1785410226822
6435311,780109705002015,41.53146021170585
6435312,780109705002016,25.145699294355577
6435313,780109705002017,5287.736995099246
6435314,780109705002018,1474.244163292334
6435315,780109705002019,37.17652788694711
6435316,780109705002020,408.8774730331288
6435317,780109705002021,0.0
6435318,780109705002022,1500.164052141268
6435319,780109705002023,0.0
6435320,780109705003000,1796.7818035196656
6435321,780109705003001,0.0
6435322,780109705003002,1922.0079522590227
6435323,780109705003003,283.1642704260418
6435324,780109705003004,322.3202580025734
6435325,780109705003005,0.0
6435326,780109705003006,0.0
6435327,780109705003007,944.7034507595182
6435328,780109705003008,24.59024377516738
6435329,780109705003009,2000.053033559819
6435330,780109705003010,0.0
6435331,780109705003011,979.06086746829
6435332,780109705003012,408.42771022118507
6435333,780109705003013,3291.6249142564634
6435334,780109705003014,0.0
6435335,780109705003015,1742.1749558624954
6435336,780109705003016,0.0
6435337,780109705003017,923.8652939761636
6435338,780109705003018,636.047336975102
6435339,780109705003019,0.0
6435340,780109705003020,0.0
6435341,780109705003021,252.01254962136895
6435342,780109705004000,36.10087262502925
6435343,780109705004001,0.0
6435344,780109705004002,707.6401847315791
6435345,780109705004003,0.0
6435346,780109705004004,0.0
6435347,780109705004005,0.0
6435348,780109705004006,0.0
6435349,780109705004007,26.354040246859945
6435350,780109705004008,8625.67029316202
6435351,780109705004009,10161.140583507402
6435352,780109705004010,333.01912714754275
6435353,780109705004011,285.05704762129733
6435354,780109705004012,2262.8580905325903
6435355,780109705004013,3552.939744185811
6435356,780109705004014,313.9414578489082
6435357,780109705004015,823.99097107269
6435358,780109705004016,1435.0771934377478
6435359,780109705004017,19.79848930536277
6435360,780109705004018,23483.960141301653
6435361,780109705004019,2040.3208773800066
6435362,780109706001001,1023.5647123254535
6435363,780109706001002,1317.1739048732943
6435364,780109706001003,0.0
6435365,780109706001006,838.7125219474273
6435366,780109706001007,8256.3925951288
6435367,780109706001008,1072.8807515796009
6435368,780109706001009,2240.4873683991905
6435369,780109706001010,5297.153758233055
6435370,780109706001011,813.739197151629
6435371,780109706001012,2248.7715042085874
6435372,780109706001013,751.8521548652592
6435373,780109706001014,4013.3114866218466
6435374,780109706001015,1808.174598234775
6435375,780109706001018,4811.768594256833
6435376,780109706001019,464.1460317250425
6435377,780109706001020,1017.5821499249153
6435378,780109706001021,1685.0457968751418
6435379,780109706001022,1548.2863944114401
6435380,780109706001023,552.8904004767517
6435381,780109706001024,3582.0238426236547
6435382,780109706001025,362.6463868557163
6435383,780109706001026,1672.9815094937285
6435384,780109706001027,1966.2383804236354
6435385,780109706001028,11938.543420588465
6435386,780109706001029,240.57851401208626
6435387,780109706002001,924.8728266496588
6435388,780109706002002,373.35452307566584
6435389,780109706002005,195.49141733644902
6435390,780109706002006,2081.6715157613307
6435391,780109706002007,1913.7463181718585
6435392,780109706002008,1744.1129179227305
6435393,780109706002009,3328.286693627387
6435394,780109706002010,0.0
6435395,780109706002013,4121.257976155997
6435396,780109706002014,1107.2179266835758
6435397,780109706002015,7936.255533387839
6435398,780109706002018,0.0
6435399,780109706002019,7880.254269114021
6435400,780109706002021,2278.121007648814
6435401,780109706002023,1266.8409120961587
6435402,780109706002025,4825.954470141233
6435403,780109706002028,1966.4463886438718
6435404,780109706002029,0.0
6435405,780109706002031,1804.0889243145884
6435406,780109706002032,5191.77459637502
6435407,780109706002033,1771.750215225607
6435408,780109706002034,1535.0087362733839
6435409,780109706002035,831.2391861874344
6435410,780109706002036,524.210743635808
6435411,780109706002038,893.3740778476856
6435412,780109706002039,1744.0942006866915
6435413,780109706002040,6596.216861840972
6435414,780109706002041,2139.360316146264
6435415,780109706002042,3248.414309323038
6435416,780109706003000,1546.5613075856245
6435417,780109706003001,3975.4221607962177
6435418,780109706003002,23889.749643890325
6435419,780109706003003,524.5772974689442
6435420,780109706003004,1917.02376263885
6435421,780109706003005,1164.769504697388
6435422,780109706003006,509.07991342416744
6435423,780109706003007,6934.603681160853
6435424,780109706003008,713.5342750923281
6435425,780109706003009,482.34043129156845
6435426,780109706003010,0.0
6435427,780109706003011,0.0
6435428,780109706003012,3305.123749217247
6435429,780109706003013,5911.710302536923
6435430,780109706003014,1354.5313084173167
6435431,780109706003015,612.0537051960102
6435432,780109707001000,2146.907798897939
6435433,780109707001001,0.0
6435434,780109707001002,941.9282283317858
6435435,780109707001003,1571.6315162087242
6435436,780109707001004,0.0
6435437,780109707001005,5385.014553422187
6435438,780109707001006,2755.7868015716435
6435439,780109707001008,2349.4388007826806
6435440,780109707001009,1214.872080586199
6435441,780109707001010,4510.883383767837
6435442,780109707001011,0.0
6435443,780109707001012,0.0
6435444,780109707001014,2860.5332169290964
6435445,780109707001015,742.7652373543023
6435446,780109707001016,3611.5885004527486
6435447,780109707001017,2468.4237285822646
6435448,780109707001018,2409.92326927057
6435449,780109707001019,5380.387481192246
6435450,780109707001020,604.9334138543578
6435451,780109707001021,684.4141479767624
6435452,780109707001022,3003.8978925366723
6435453,780109707001024,1865.5795323181042
6435454,780109707001025,756.0128436619976
6435455,780109707001026,0.0
6435456,780109707001027,49.133505139547104
6435457,780109707001028,0.0
6435458,780109707001036,2085.0467584539165
6435459,780109707001037,181.97868135135096
6435460,780109707002000,49.09128637110562
6435461,780109707002001,0.0
6435462,780109707002002,458.11309043312895
6435463,780109707002003,0.0
6435464,780109707002004,0.0
6435465,780109707002005,583.3784002930148
6435466,780109707002006,192.7492684107526
6435467,780109707002007,0.0
6435468,780109707002008,822.3508965414056
6435469,780109707002009,878.8672405888055
6435470,780109707002010,778.6188170180651
6435471,780109707002011,317.70716687562856
6435472,780109707002012,0.0
6435473,780109707002013,130.25554358025983
6435474,780109707002014,2583.9072282319116
6435475,780109707002015,0.0
6435476,780109707003000,2432.721110168275
6435477,780109707003001,14166.84105302673
6435478,780109707003002,1581.119394954509
6435479,780109707003003,1609.4519363683637
6435480,780109707003004,1896.3874632398392
6435481,780109707003005,1448.252009028066
6435482,780109707003006,563.7116036735086
6435483,780109707003007,2458.128020969178
6435484,780109707003008,5486.484200352244
6435485,780109707003009,1578.6561618106887
6435486,780109707003010,4836.804317633706
6435487,780109707003011,0.0
6435488,780109707003012,453.3050879097799
6435489,780109707003013,807.2778701959489
6435490,780109707003014,1317.3453086425554
6435491,780109708001000,1153.5767265392192
6435492,780109708001001,4291.348526555508
6435493,780109708001002,442.22132388842465
6435494,780109708001003,379.8014369237852
6435495,780109708001004,962.7110087852955
6435496,780109708001005,455.8147383491953
6435497,780109708001007,3167.9126632956422
6435498,780109708001008,1955.7687887592654
6435499,780109708001009,1094.0296176489821
6435500,780109708001010,1371.0605656913797
6435501,780109708001011,655.1504984217264
6435502,780109708001012,1275.8790672775071
6435503,780109708001013,3124.8818261636156
6435504,780109708001014,1285.2360903299452
6435505,780109708001015,718.0978681547588
6435506,780109708001016,1573.2536328524468
6435507,780109708002000,0.0
6435508,780109708002001,0.0
6435509,780109708002002,726.9054159747177
6435510,780109708002003,0.0
6435511,780109708002004,0.0
6435512,780109708002005,0.0
6435513,780109708002006,0.0
6435514,780109708002007,0.0
6435515,780109708002008,4.554661327789491
6435516,780109708002009,0.0
6435517,780109708002010,0.0
6435518,780109708002011,5915.993591414626
6435519,780109708002012,1289.7517138677297
6435520,780109708002013,497.7072381017208
6435521,780109708002014,583.6227799619255
6435522,780109708002015,0.0
6435523,780109708002016,53.27994959644609
6435524,780109708002017,423.83292857894907
6435525,780109708002018,0.0
6435526,780109708002019,0.0
6435527,780109708002020,583.076933802519
6435528,780109708002021,0.0
6435529,780109708002022,0.0
6435530,780109708002023,12875.73142481624
6435531,780109708002024,1798.3753092837928
6435532,780109708002025,0.0
6435533,780109708002026,5823.038567945732
6435534,780109708002027,3090.799671431719
6435535,780109708002028,3159.052600523415
6435536,780109708002029,430.2252084269578
6435537,780109708002030,5590.314607341217
6435538,780109708002031,0.0
6435539,780109708002032,375.1535021397298
6435540,780109708002033,1217.4914312161377
6435541,780109708002034,7155.300301492862
6435542,780109708002035,1843.511060626793
6435543,780109708002036,2920.029798023907
6435544,780109708002037,359.4455805504537
6435545,780109708002038,650.4627265056122
6435546,780109708002039,1925.2506451635802
6435547,780109708002040,2555.648762995429
6435548,780109708002041,1153.8462653487904
6435549,780109708002042,860.4748943924122
6435550,780109708002043,1173.6451358389422
6435551,780109708002045,2749.021944535512
6435552,780109708002046,1343.419920944062
6435553,780109708002047,7102.442686304601
6435554,780109708002048,4152.318003929899
6435555,780109708002049,2.080610613555729
6435556,780109708002051,0.0
6435557,780109708002052,4688.080883432759
6435558,780109708002053,1634.3191130924524
6435559,780109709001000,0.0
6435560,780109709001001,0.0
6435561,780109709001002,38.307053116306385
6435562,780109709001003,903.1310218117493
6435563,780109709001004,1172.2909799190738
6435564,780109709001005,160.4927485669153
6435565,780109709001006,738.6274407882944
6435566,780109709001007,898.0992234527899
6435567,780109709001008,375.56055249432745
6435568,780109709001009,1421.848551204444
6435569,780109709001010,1020.1577123698648
6435570,780109709001011,785.9396642884815
6435571,780109709001012,2065.77170964572
6435572,780109709001013,0.0
6435573,780109709001014,8647.639240001889
6435574,780109709001015,1570.3412902210625
6435575,780109709001016,872.23233031849
6435576,780109709001017,3361.58080478027
6435577,780109709001018,3608.479334168852
6435578,780109709001020,1548.3050974789555
6435579,780109709001021,2012.930784516666
6435580,780109709001022,349.390512883356
6435581,780109709001023,1073.3516072329892
6435582,780109710001000,157.82632140613987
6435583,780109710001001,218.75198231599586
6435584,780109710001003,237.4358468109034
6435585,780109710001004,11.216887277370354
6435586,780109710001005,0.0
6435587,780109710001006,249.03929218291174
6435588,780109710001007,5354.665675513667
6435589,780109710001011,393.1284502908927
6435590,780109710001012,262.5486068474048
6435591,780109710001018,0.0
6435592,780109710001022,0.0
6435593,780109710001023,952.7211755428209
6435594,780109710001025,10598.883420595183
6435595,780109710001027,0.0
6435596,780109710001028,0.0
6435597,780109710001029,3009.096096361523
6435598,780109710001030,1077.6273391751924
6435599,780109710001031,579.230204207646
6435600,780109710001033,477.86466005781574
6435601,780109710001034,1380.6496892578411
6435602,780109710001035,0.0
6435603,780109710001036,1106.7346344840869
6435604,780109710001038,2796.262462233394
6435605,780109710001039,101.06089392156457
6435606,780109710001042,0.0
6435607,780109710001043,1829.9279972419752
6435608,780109710001044,908.9916599527054
6435609,780109710001045,3684.863171140048
6435610,780109710001046,3445.897921856967
6435611,780109710001047,1308.5791095877964
6435612,780109710001048,231.70622505680544
6435613,780109710001049,3016.7965584902986
6435614,780109710001051,0.0
6435615,780109710001052,1030.4431739871259
6435616,780109710001053,1809.5722589426994
6435617,780109710001054,2069.239575478716
6435618,780109710001055,589.9510790486238
6435619,780109710001056,345.87362403152883
6435620,780109710001057,1204.4670575642806
6435621,780109710001060,613.7723387311742
6435622,780109710001061,543.9131931354744
6435623,780109710001062,91.45051465734177
6435624,780109710001063,1030.4855176194505
6435625,780109710001064,4309.170835943106
6435626,780109710001065,1944.6822819183426
6435627,780109710001067,603.1890240110379
6435628,780109710001069,870.8849346143352
6435629,780109710001070,960.4304868578803
6435630,780109710001071,1110.2607925613804
6435631,780109710001073,2825.955482318204
6435632,780109710001075,1390.149253870258
6435633,780109710001077,420.21747464550526
6435634,780109710001078,0.0
6435635,780109710001079,0.0
6435636,780109710001080,1150.5236653387988
6435637,780109710001081,2226.4725076988225
6435638,780109710001082,1433.327902327311
6435639,780109710001083,1224.7961937289115
6435640,780109710001085,81.21745856420769
6435641,780109710001086,0.0
6435642,780109710002000,5666.281351996391
6435643,780109710002002,116.16404519542054
6435644,780109710002003,0.0
6435645,780109710002004,3929.166394899394
6435646,780109710002005,354.63502198903467
6435647,780109710002006,278.3836127967842
6435648,780109710002008,71.79315489989538
6435649,780109710002009,1174.349527679347
6435650,780109710002010,0.0
6435651,780109710002011,0.0
6435652,780109710002012,879.2567778076901
6435653,780109710002013,0.0
6435654,780109710002014,91.27511638996383
6435655,780109710002015,653.717968972749
6435656,780109710002016,2639.774341070789
6435657,780109710002017,0.0
6435658,780109710002019,4116.889400664646
6435659,780109710002020,809.73346993998
6435660,780109710002021,1730.954406001281
6435661,780109710002022,3615.1109093747623
6435662,780109710002023,221.07823528120102
6435663,780109710002024,0.0
6435664,780109710002025,1418.4755642888022
6435665,780109710002026,56.18376712434705
6435666,780109710002027,666.1066519976205
6435667,780109710002028,0.0
6435668,780109710002029,10647.24239904415
6435669,780109710002030,1599.376627367777
6435670,780109711001000,1871.698993392894
6435671,780109711001002,0.0
6435672,780109711001003,0.0
6435673,780109711001004,4146.109293094798
6435674,780109711001005,1100.128885845005
6435675,780109711001006,1435.4338513923458
6435676,780109711001007,3811.553120034325
6435677,780109711001008,3916.443631140223
6435678,780109711001009,2896.4652433105466
6435679,780109711001010,142.22488776418155
6435680,780109711001012,2207.287403725288
6435681,780109711001013,0.0
6435682,780109711001014,540.0922309111354
6435683,780109711001015,206.04436312355807
6435684,780109711001016,9711.254281752152
6435685,780109711001017,958.1886160594836
6435686,780109711001018,592.5200228434749
6435687,780109711001019,121.18568707560024
6435688,780109711002000,194.54910105114305
6435689,780109711002001,1182.7306534179486
6435690,780109711002002,1071.8312947599595
6435691,780109711002003,744.7456397321926
6435692,780109711002004,167.24701894366663
6435693,780109711002005,898.8096099140037
6435694,780109711002006,1192.9538685274638
6435695,780109711002007,0.0
6435696,780109711002008,378.27560736311335
6435697,780109711002009,2458.5647815590364
6435698,780109711002010,1818.5258544576054
6435699,780109711002011,2774.95822268429
6435700,780109711002012,2211.527212763969
6435701,780109711002013,839.2446264911221
6435702,780109711002014,584.5134056510402
6435703,780109711002015,483.2925495104008
6435704,780109711002016,562.6207703437357
6435705,780109711002017,405.791441535089
6435706,780109711002019,2401.5331434887744
6435707,780109711002020,138.34507863732722
6435708,780109711002022,0.0
6435709,780109711002025,421.6268490858522
6435710,780109711002026,7371.032320717286
6435711,780109711002027,108.13168273349517
6435712,780109711002028,3042.9063850064545
6435713,780109711002029,2729.081243267585
6435714,780109711002030,5086.105488312061
6435715,780109711002031,0.0
6435716,780109711002032,0.0
6435717,780109711003000,0.0
6435718,780109711003001,1355.7011540283654
6435719,780109711003002,401.65091679755517
6435720,780109711003003,0.0
6435721,780109711003004,21.135943347435724
6435722,780109711003005,0.0
6435723,780109711003006,0.0
6435724,780109711003007,0.0
6435725,780109711003008,0.0
6435726,780109711003009,0.0
6435727,780109711003010,1173.014747205807
6435728,780109711003011,1422.9246319135707
6435729,780109711003012,695.9067774906002
6435730,780109711003013,0.0
6435731,780109711003014,77.38184585322878
6435732,780109711003015,0.0
6435733,780109711003016,0.0
6435734,780109711003017,0.0
6435735,780109711003018,922.3995961774278
6435736,780109711003023,3734.0703368889795
6435737,780109711003024,2167.0755836078015
6435738,780109711003025,78.59282531967932
6435739,780109711003026,0.0
6435740,780109711003027,0.0
6435741,780109711003028,2030.6746864532033
6435742,780109711003029,696.6740566523844
6435743,780109711003030,694.7792986411221
6435744,780109711003031,1311.3107423596043
6435745,780109711003032,162.90129276661227
6435746,780109711003033,1088.9616004737584
6435747,780109711003034,1378.1157048590123
6435748,780109711003035,867.4983953208675
6435749,780109711003036,559.6235663042181
6435750,780109711003037,625.0955018190363
6435751,780109711003038,627.4832801208
6435752,780109711004000,13001.275674209715
6435753,780109711004001,1308.9346461011955
6435754,780109711004002,653.9529074501006
6435755,780109711004003,0.0
6435756,780109711004004,310.44355102296356
6435757,780109711004006,716.2286223870539
6435758,780109711004007,1078.1939395974393
6435759,780109711004008,1646.438144382697
6435760,780109711004009,2472.425795372947
6435761,780109711004010,136.9245610976907
6435762,780109711004011,3392.0849989724406
6435763,780109711004012,0.196301980258548
6435764,780109711004013,0.0
6435765,780109711004014,1500.295415219903
6435766,780109711004015,1126.5755157422325
6435767,780109711004016,0.0
6435768,780109711004017,0.0
6435769,780109711004018,0.0
6435770,780109711004019,1467.1698830766043
6435771,780109711004020,630.783994947818
6435772,780109712001000,299.90258874992185
6435773,780109712001001,4654.550816635426
6435774,780109712001002,524.1699467707034
6435775,780109712001003,1972.8918736723258
6435776,780109712001004,1624.741956800228
6435777,780109712001005,111.41355408471792
6435778,780109712001006,203.7241650213182
6435779,780109712001007,1863.1165416773347
6435780,780109712001008,638.1711086574171
6435781,780109712001009,4115.474822238177
6435782,780109712001011,1672.09373207206
6435783,780109712001012,2001.4213138755445
6435784,780109712001013,125.81024214881732
6435785,780109712001014,4048.8011936439257
6435786,780109712001015,2872.7984815157733
6435787,780109712001019,1198.5106059401373
6435788,780109712001020,77.5014576551439
6435789,780109712001021,265.8648487476773
6435790,780109712002000,104.27028320724386
6435791,780109712002001,206.67781808277263
6435792,780109712002002,2783.3874396532738
6435793,780109712002003,139.17037965001492
6435794,780109712002004,0.0
6435795,780109712002005,59.2817356898275
6435796,780109712002006,119.67642663075021
6435797,780109712002008,5053.131668726986
6435798,780109712002009,12409.135169614174
6435799,780109712003000,0.0
6435800,780109712003001,0.0
6435801,780109712003002,341.2733602826713
6435802,780109712003003,250.19603546024388
6435803,780109712003004,0.0
6435804,780109712003005,0.0
6435805,780109712003006,521.4986198623786
6435806,780109712003007,283.6545108915231
6435807,780109712003008,1516.2437084010423
6435808,780109712003009,299.6561951473055
6435809,780109712003010,503.721780255041
6435810,780109712003011,225.69368617731098
6435811,780109712003012,302.2601643043756
6435812,780109712003013,1354.0352720554258
6435813,780109712003014,499.4748911609901
6435814,780109712003015,1616.8047489433643
6435815,780109712003016,1854.7481201398214
6435816,780109712003018,279.921255119246
6435817,780109712003019,450.69369329007526
6435818,780109712003020,737.4670138527587
6435819,780109712003021,1400.6338182630445
6435820,780109712003022,555.4853980491706
6435821,780109712003023,2122.7661952181875
6435822,780109712003024,0.0
6435823,780109712003027,101.58833905837412
6435824,780109712004000,575.7927585052071
6435825,780109712004001,260.4255676795235
6435826,780109712004002,33.88768219924391
6435827,780109712004003,630.3254796969426
6435828,780109712004004,499.05085671668195
6435829,780109712004005,106.27433059529513
6435830,780109712004006,501.67417408377247
6435831,780109712004007,341.02198293204896
6435832,780109712004008,76.26766490107741
6435833,780109712004009,214.42897920170697
6435834,780109712004010,1304.6492690302186
6435835,780109712004011,452.5496115092625
6435836,780109712004012,87.35185683997304
6435837,780109712004013,2237.66944171927
6435838,780109712004014,523.8177571387181
6435839,780109712004015,202.99573090204444
6435840,780109712004016,639.4364405760759
6435841,780109712004019,22.611759022591475
6435842,780109713001000,4758.631657495381
6435843,780109713001001,1403.3887689673857
6435844,780109713001002,636.5818882648105
6435845,780109713001003,1259.4161989679135
6435846,780109713001004,159.63589483431284
6435847,780109713001005,90.79840921770443
6435848,780109713001006,0.0
6435849,780109713001007,347.44249600536483
6435850,780109713001008,32.514941437842566
6435851,780109713001009,4571.181118496167
6435852,780109713001010,7157.192359351321
6435853,780109713001011,457.1371127000593
6435854,780109713001012,894.7100693439262
6435855,780109713001013,1612.0770963366447
6435856,780109713001014,1514.1322893576735
6435857,780109713001015,6695.1658680201235
6435858,780109713001016,5639.7408463150805
6435859,780109713001017,796.4568834321647
6435860,780109713001018,2676.630631530928
6435861,780109713001019,0.0
6435862,780109713001020,434.7016949720034
6435863,780109713001022,389.9212956333091
6435864,780109713001023,2256.249036142323
6435865,780109713001025,0.0
6435866,780109713001026,1538.598555485998
6435867,780109713001027,3043.8647364216013
6435868,780109713001028,1353.866552136675
6435869,780109713001029,2633.944039881295
6435870,780109713001030,8095.7175154558345
6435871,780109713001031,639.6145782208505
6435872,780109713001036,4092.9123117952977
6435873,780109713001037,2709.0778063695375
6435874,780109713001038,2282.4659707824367
6435875,780109713001039,811.2964609120648
6435876,780109713001040,914.544689139078
6435877,780109713001041,1270.0334162443414
6435878,780109713001042,239.18959942245579
6435879,780109713001043,0.0
6435880,780109713001044,4985.829742888831
6435881,780109713001045,466.5453753441056
6435882,780109713001046,621.455136383549
6435883,780109713001047,3116.151529659872
6435884,780109713001048,807.6474844935666
6435885,780109713001049,706.9377186334799
6435886,780109713001050,4985.691403280843
6435887,780109713001056,649.9644907543559
6435888,780109713001057,1058.1369278065338
6435889,780109713002000,0.0
6435890,780109713002001,473.72328829063935
6435891,780109713002002,172.88870000728602
6435892,780109713002003,1193.8098995970408
6435893,780109713002004,753.1369611693791
6435894,780109713002005,176.95634385680924
6435895,780109713002006,84.27904029288726
6435896,780109713002007,37.94879355270676
6435897,780109713002008,749.6946958186578
6435898,780109713002009,600.5422088193177
6435899,780109713002010,413.82258537419375
6435900,780109713002011,760.9809953988358
6435901,780109713002012,1549.2916625249122
6435902,780109713002013,65.32468745686268
6435903,780109713002014,4085.606755877191
6435904,780109713002015,950.9565828601088
6435905,780109713002016,2269.8389390186235
6435906,780109713002017,745.013283983285
6435907,780109713002018,631.6883192397679
6435908,780109713002019,442.5195028337473
6435909,780109713002020,2901.651855568234
6435910,780109713002021,5274.989191626463
6435911,780109713002022,336.0353939050225
6435912,780109713003000,2643.2306067414825
6435913,780109713003001,33.88761742882671
6435914,780109713003002,1415.7646052548087
6435915,780109713003003,33.887647595254485
6435916,780109713003004,0.0
6435917,780109713003005,1891.359861276906
6435918,780109713003006,1952.3425032374437
6435919,780109713003007,1440.135883257696
6435920,780109713003008,358.6217316455961
6435921,780109713003009,109.47430133003972
6435922,780109713003010,4855.949592990892
6435923,780109713003011,1027.6384630483653
6435924,780109713003012,1636.474683291619
6435925,780109713003013,0.0
6435926,780109713003015,0.0
6435927,780109713003016,0.0
6435928,780109713003017,0.0
6435929,780109713003018,0.0
6435930,780109713003019,31.380576939832007
6435931,780109714001000,0.0
6435932,780109714001001,0.0
6435933,780109714001002,161.2299336627861
6435934,780109714001003,0.0
6435935,780109714001004,1073.6277913532788
6435936,780109714001005,224.24601784514437
6435937,780109714001008,122.24135627405185
6435938,780109714001009,57.89921918657782
6435939,780109714001010,72.8259591585219
6435940,780109714001011,62.765354821948605
6435941,780109714001012,0.0
6435942,780109714001013,0.0
6435943,780109714001014,272.54384131840817
6435944,780109714001015,18.39990269701035
6435945,780109714001016,77.46373366557398
6435946,780109714001017,89.3711905667515
6435947,780109714001018,0.0
6435948,780109714001019,726.6107089294559
6435949,780109714001020,650.6290007829629
6435950,780109714001021,416.78478763656784
6435951,780109714001022,254.38927191581624
6435952,780109714001023,242.80121374648365
6435953,780109714001024,2087.3419339119237
6435954,780109714001028,0.0
6435955,780109714001029,185.7665805850847
6435956,780109714001030,0.0
6435957,780109714001031,113.89036672013557
6435958,780109714001034,27.564996941552156
6435959,780109714001035,0.0
6435960,780109714001036,0.0
6435961,780109714001037,139.8922517521905
6435962,780109714001038,3646.891902714862
6435963,780109714001039,0.0
6435964,780109714001040,105.5688021181401
6435965,780109714001042,93.4650965045876
6435966,780109714001044,0.0
6435967,780109714001046,286.91270407392267
6435968,780109714002000,0.0
6435969,780109714002001,38.52626735522237
6435970,780109714002002,701.5907912035817
6435971,780109714002003,2824.103132918909
6435972,780109714002004,0.0
6435973,780109714002007,0.0
6435974,780109714002009,0.0
6435975,780109714002011,0.0
6435976,780109714002012,0.0
6435977,780109714002015,0.0
6435978,780109714002017,0.0
6435979,780109714002018,0.0
6435980,780109714002019,1783.206177456419
6435981,780109714002021,0.0
6435982,780109714002022,0.0
6435983,780109714003000,2245.316203788158
6435984,780109714003005,0.0
6435985,780109714003013,0.0
6435986,780109714003015,0.0
6435987,780109714003017,0.0
6435988,780109714003022,0.0
6435989,780109714003023,2973.5889464717384
6435990,780109714003024,1047.8317866822106
6435991,780109714003025,1658.3075138269355
6435992,780109714003026,1509.4011195310488
6435993,780109714003027,4431.060624010273
6435994,780109714003028,3444.608974799165
6435995,780109714003029,0.0
6435996,780109714003031,0.0
6435997,780109714003035,0.0
6435998,780109714003036,684.8901136272009
6435999,780109715001000,475.42821729224045
6436000,780109715001001,9971.288957580844
6436001,780109715002000,1187.5563699697307
6436002,780109715002001,1621.1598318421288
6436003,780109715002002,525.9038903412633
6436004,780109715002003,554.4646613478648
6436005,780109715002004,462.6583621826922
6436006,780109715002005,2428.4246697005906
6436007,780109715002006,5921.104934867496
6436008,780109715003000,2044.0080258676003
6436009,780109715003001,7202.501486592637
6436010,780109715003002,10104.24957635022
6436011,780109715003003,650.0650583600926
6436012,780109715003004,2283.167650331689
6436013,780109715003005,2561.224018293432
6436014,780109715003006,331.4903846027328
6436015,780109715003007,407.8491573154915
6436016,780109715003008,1400.1682016414054
6436017,780109715003009,1564.9854751588953
6436018,780109715003010,1009.6453823079535
6436019,780109715003011,1196.115911309436
6436020,780109715003012,2593.572485080291
6436021,780109715003013,645.0539632661522
6436022,780109715003014,641.4372465512348
6436023,780109715003015,2467.263388487815
6436024,780109715003016,3463.5423497794504
6436025,780109715003017,354.8083595860329
6436026,780109715003018,1531.0665062189944
6436027,780109715003019,1012.3376919265368
6436028,780109715003020,395.96186377320834
6436029,780109715003021,1134.7351050780287
6436030,780109715003022,119.44822598182259
6436031,780109715003023,657.9214084581142
6436032,780109715003024,876.4035953071498
6436033,780109715003025,3074.605021911941
6436034,780109715003026,273.96778141149446
6436035,780109715003027,3300.5125084465576
6436036,780109715003028,1077.162357300193
6436037,780109715003030,0.0
6436038,780109715003031,899.321803468936
6436039,780109715003032,1668.4474385571011
6436040,780109715003034,7227.978987251504
6436041,780109715003035,1734.9260769942766
6436042,780109715003036,354.3210432635734
6436043,780109715004000,936.2367305625495
6436044,780109715004001,394.6960309500635
6436045,780109715004002,316.1201508841003
6436046,780109715004003,1816.5326536085204
6436047,780109715004004,1537.6640108340116
6436048,780109715004005,1317.4727855082085
6436049,780109715004006,472.0900426332671
6436050,780109715004007,2150.6135625315965
6436051,780109715004008,353.724277277532
6436052,780109715004009,585.2756434383841
6436053,780109715004010,1758.997564972902
6436054,780109715004011,370.0368735553996
6436055,780109715004012,232.2603047038789
6436056,780109715004013,0.0
6436057,780109715004014,456.9847179862622
6436058,780109715004015,4005.2295759024764
6436059,780109715004016,1848.8254869678758
6436060,780109715004017,8459.406105410717
6436061,780109715004018,2882.030032193391
6436062,780109715004019,1271.1238345770553
6436063,780109715004020,518.9547760033425
6436064,780109715004021,2372.641342129647
6436065,780109715004022,1101.68837297482
6436066,780109715004023,752.7571838204317
6436067,780109715004024,767.5680172624511
6436068,780109715004025,1577.7131898821287
6436069,780109715004026,607.148902349777
6436070,780109715004027,3091.498967330849
6436071,780109715004028,959.9020113105217
6436072,780109715004030,2624.455854234997
6436073,780109715004031,442.3546821674602
6436074,780109715004032,1256.9044296578463
6436075,780109715004033,2063.2902244601237
6436076,780209501001000,1366.5087987447687
6436077,780209501001001,530.3342099447839
6436078,780209501001002,823.0302692640917
6436079,780209501001003,556.4758988294695
6436080,780209501001004,52.223138505146395
6436081,780209501001005,1359.3851517281191
6436082,780209501001006,1423.4925606252052
6436083,780209501001007,1991.9333187477105
6436084,780209501001008,481.30328932554846
6436085,780209501001009,1296.7171901042357
6436086,780209501001010,248.71068864162245
6436087,780209501001011,1249.219592026995
6436088,780209501001012,531.9432243982154
6436089,780209501001013,0.0
6436090,780209501001014,1214.778427413282
6436091,780209501001015,805.8359706082615
6436092,780209501001016,1280.291132897078
6436093,780209501001017,846.0794930820754
6436094,780209501001018,1658.1219674586996
6436095,780209501001019,383.33381777654836
6436096,780209501001020,1101.058805451333
6436097,780209501002004,7840.159596304415
6436098,780209501002014,0.0
6436099,780209501002023,1017.4302064424069
6436100,780209501002024,1221.1345847465027
6436101,780209501002025,677.5668776429567
6436102,780209501002026,1009.8530565163911
6436103,780209501002027,276.9440478749958
6436104,780209501002028,505.38091265372685
6436105,780209501002029,740.0504218662212
6436106,780209501002031,224.62004571749924
6436107,780209501002032,1343.4179321434472
6436108,780209501002033,0.0
6436109,780209501002037,5574.55946210609
6436110,780209501002038,1646.514285942506
6436111,780209501002039,1306.9246994077782
6436112,780209501002040,1073.7534400679651
6436113,780209501002042,483.48872700880077
6436114,780209501002047,491.56103494256826
6436115,780209501002050,773.5293867506666
6436116,780209501002052,0.0
6436117,780209501002053,1609.6694620749577
6436118,780209501002058,640.5610432441573
6436119,780209501002060,554.0472901071087
6436120,780209501002068,4777.371055888901
6436121,780209501002070,925.0748171222358
6436122,780209501002071,571.1940079391919
6436123,780209501002082,420.57692474562486
6436124,780209501002083,735.5293825809929
6436125,780209501002084,1164.1603214034003
6436126,780209501002085,453.68654110468225
6436127,780209501002086,7070.056363735035
6436128,780209501002092,2086.2350388634773
6436129,780209501002093,715.9619684569974
6436130,780209501002095,3974.5017065677175
6436131,780209501002096,0.0
6436132,780209501002097,765.7920876669411
6436133,780209501002098,1392.3872550720257
6436134,780209501002099,1222.5992423618136
6436135,780209501002100,844.7335577288761
6436136,780209501002101,2232.7248902097213
6436137,780209501003001,720.3470805710773
6436138,780209501003005,1712.565054707133
6436139,780209501003011,0.0
6436140,780209501003012,420.59832492443365
6436141,780209501003014,664.6288458105673
6436142,780209501003015,0.0
6436143,780209501003016,0.0
6436144,780209501003017,39.703117034505965
6436145,780209501003019,10.454166876269596
6436146,780209501003020,0.0
6436147,780209501003024,1922.256262122616
6436148,780209501003025,11956.694067474367
6436149,780209501003026,0.0
6436150,780209501003027,1287.4942051913656
6436151,780209501003031,2016.013671985075
6436152,780209501003032,0.0
6436153,780209501003037,1166.1399349823155
6436154,780209501003039,1153.6980334427599
6436155,780209501003040,1118.1072093316066
6436156,780209501003041,0.0
6436157,780209501003044,370.3349931513644
6436158,780209501003045,1192.8829685496721
6436159,780209501003046,680.0049708087186
6436160,780209501003047,979.6568748851774
6436161,780209501003048,34.38986426215304
6436162,780209501003052,0.0
6436163,780209501003057,2554.0832758080946
6436164,780209501003059,30940.48132020918
6436165,780209501003061,0.0
6436166,780209501003064,18.78092956693218
6436167,780209501003065,0.0
6436168,780209501003066,0.0
6436169,780209501003067,2915.403691533861
6436170,780209501003068,0.0
6436171,780209501003073,0.0
6436172,780209501003074,0.0
6436173,780209501003075,0.0
6436174,780209501003076,0.0
6436175,780209501003077,1653.4685208606345
6436176,780209501003078,0.0
6436177,780209501003080,0.0
6436178,780209501003085,1020.9735092692436
6436179,780209501003087,508.5621456459853
6436180,780209501003089,0.0
6436181,780209501003090,0.0
6436182,780209501003096,0.0
6436183,780209501003107,0.0
6436184,780209502001000,0.0
6436185,780209502001001,0.0
6436186,780209502001002,0.0
6436187,780209502001003,0.0
6436188,780209502001004,0.0
6436189,780209502001005,0.0
6436190,780209502001006,0.0
6436191,780209502001007,2153.564523325839
6436192,780209502001008,0.0
6436193,780209502001009,0.0
6436194,780209502001010,0.0
6436195,780209502001011,0.0
6436196,780209502001012,0.0
6436197,780209502001013,1162.8291799711758
6436198,780209502001014,1187.9106745796712
6436199,780209502001015,809.6640667340411
6436200,780209502001016,1123.0726118855264
6436201,780209502001017,624.2184158702565
6436202,780209502002000,227.46529589786073
6436203,780209502002001,0.0
6436204,780209502002002,0.0
6436205,780209502002003,0.539798003502115
6436206,780209502002005,0.0
6436207,780209502002007,1154.4540700090183
6436208,780209502002010,4470.746030799785
6436209,780209502002011,2512.9600314589134
6436210,780209502002012,2494.2572264034698
6436211,780209502002013,1110.7651060580836
6436212,780209502002014,293.6242556967549
6436213,780209502002015,5090.015902356682
6436214,780209502002019,1736.0250533650249
6436215,780209502002020,996.2102840978852
6436216,780209502002021,2088.323125204489
6436217,780209502002022,2234.9287543002174
6436218,780209502003000,2207.5858188479297
6436219,780209502003003,0.0
6436220,780209502003006,25.65914068223971
6436221,780209502003007,0.0
6436222,780209502003008,104.93295344591262
6436223,780209502003009,1251.328953553372
6436224,780209502003010,475.477283161883
6436225,780209502003011,1634.1753876132443
6436226,780209502003012,827.0626031445385
6436227,780209502003013,521.5980609313107
6436228,780209502003014,377.90785792150007
6436229,780209502003015,0.0
6436230,780209502003016,1079.767309950366
6436231,780209502003017,1425.4187621901665
6436232,780209502003018,384.4248639079153
6436233,780209502003019,583.8284778327629
6436234,780209502003020,535.6953104065537
6436235,780209502003021,630.4924431088572
6436236,780209502003022,913.1891943993296
6436237,780209502003023,338.02957692931255
6436238,780209502003024,198.57598388111492
6436239,780209502003025,522.4805177418616
6436240,780209502003026,521.8378679091678
6436241,780209502003027,5661.34071758286
6436242,780209502003032,243.5008135533758
6436243,780209502003033,306.0436218829196
6436244,780209502003034,328.0113287814771
6436245,780209502003035,0.0
6436246,780209502004000,1226.1980229951891
6436247,780209502004001,990.5216033899165
6436248,780209502004002,775.3495762325891
6436249,780209502004003,596.2659076779728
6436250,780209502004004,0.0
6436251,780209502004005,9614.324247629196
6436252,780209502004006,1302.7220449076958
6436253,780209502004007,550.9654075979877
6436254,780209502004009,1608.3426593653105
6436255,780209502004010,1547.832839684819
6436256,780209502004011,273.3537679655005
6436257,780209502004013,108.66072109059854
6436258,780209502004014,4621.777013184946
6436259,780209502004015,1608.186216873906
6436260,780209502004016,2518.687305583308
6436261,780209502004020,710.6294329062443
6436262,780209502004024,2021.4992720086761
6436263,780209502004025,3474.0060564351274
6436264,780209502004026,1996.4551425181112
6436265,780209502004029,3228.2165572116196
6436266,780209502004030,2031.6992172589087
6436267,780209502004031,1318.3784897004177
6436268,780309601001001,2122.8882480612474
6436269,780309601001002,380.80673679135487
6436270,780309601001003,748.7516662661559
6436271,780309601001004,715.2412192046896
6436272,780309601001005,698.2869866656981
6436273,780309601001006,255.0036309893979
6436274,780309601001007,0.0
6436275,780309601001008,951.5810386877577
6436276,780309601001015,477.09247509301446
6436277,780309601001016,0.0
6436278,780309601001019,0.0
6436279,780309601001020,446.4677555571681
6436280,780309601002000,883.5280427816724
6436281,780309601002001,1551.7583042237136
6436282,780309601002002,1452.0642669587467
6436283,780309601002003,224.16055922289667
6436284,780309601002004,6088.186907926474
6436285,780309601002005,1130.2430529846206
6436286,780309601002006,146.24603568533325
6436287,780309601002007,5283.69005059032
6436288,780309601002008,0.0
6436289,780309601003005,1532.1351403997805
6436290,780309601003006,2134.80088934332
6436291,780309601003010,117.44711393336435
6436292,780309601003012,634.3856830247572
6436293,780309601003013,1369.4903833696262
6436294,780309601003014,688.4571866679394
6436295,780309601003015,2143.0801423735784
6436296,780309601003016,351.0110803790034
6436297,780309601003017,79.49155694893305
6436298,780309601003018,3479.7796307507715
6436299,780309601003020,0.0
6436300,780309601003021,0.0
6436301,780309602001000,871.2807920087981
6436302,780309602001001,356.64611058379325
6436303,780309602001002,1659.9799826895448
6436304,780309602001003,474.45898951708864
6436305,780309602001004,79.65565899093563
6436306,780309602001005,1.4935793680276688
6436307,780309602001006,30.17027060593164
6436308,780309602001007,684.1352451323294
6436309,780309602001008,0.0
6436310,780309602002000,2551.230161691579
6436311,780309602002001,43.81701203353378
6436312,780309602002002,126.03540506320468
6436313,780309602002003,483.20016147758963
6436314,780309602002004,74.07571622887019
6436315,780309602002005,1546.9197702197987
6436316,780309602002006,9.801514885101355
6436317,780309602002007,1131.2066773814513
6436318,780309602002008,58.858998032995125
6436319,780309602002009,277.6473969260251
6436320,780309602003000,46.75495239356586
6436321,780309602003001,47.94378751058582
6436322,780309602003002,386.1939673633579
6436323,780309602003003,644.104956489322
6436324,780309602003005,0.0
6436325,780309602003006,182.5435535172224
6436326,780309602003007,559.1639700941806
6436327,780309602003008,4543.269362722301
6436328,780309602003009,743.3342185166312
6436329,780309602003010,244.97486002881334
6436330,780309602003011,70.68510636419478
6436331,780309602003012,381.29721267145
6436332,780309602003013,5629.437651681
6436333,780309602003014,1526.9060747581557
6436334,780309602003015,2431.1122150486153
6436335,780309602003016,0.0
6436336,780309602003018,238.80725967864174
6436337,780309602003019,0.0
6436338,780309602003020,271.1171006866543
6436339,780309602003021,0.0
6436340,780309602003022,82.89411721553337
6436341,780309602003023,558.7156425880993
6436342,780309602003024,3567.0380077586933
6436343,780309602003025,197.6321404500515
6436344,780309602003026,1696.5233927275976
6436345,780309602003027,241.20292535907126
6436346,780309602003028,214.54759016587235
6436347,780309602003029,3481.9110636051796
6436348,780309602003030,27.388417101878776
6436349,780309603001000,1596.4939250600873
6436350,780309603001001,2421.126322774398
6436351,780309603001002,0.0
6436352,780309603001003,243.09171286022456
6436353,780309603001004,106.91181344353278
6436354,780309603001005,0.0
6436355,780309603001006,0.0
6436356,780309603001007,149.42062523408427
6436357,780309603001008,0.0
6436358,780309603001009,39.13722228352219
6436359,780309603002000,866.9350384465971
6436360,780309603002001,338.3218323786625
6436361,780309603002002,127.27092217042082
6436362,780309603002003,3222.9153062710634
6436363,780309603002004,755.9508104083573
6436364,780309603002005,33.29600693204071
6436365,780309603002006,30.283653201712255
6436366,780309603002007,86.86608296909968
6436367,780309603002008,207.77120516068692
6436368,780309603002009,123.06092333552155
6436369,780309603002010,131.16952621928976
6436370,780309603002011,617.217371400595
6436371,780309603002012,0.0
6436372,780309603003000,0.0
6436373,780309603003001,0.0
6436374,780309603003002,137.80189385798278
6436375,780309603003003,186.86157936718791
6436376,780309603003004,568.983920865554
6436377,780309603003005,85.1423388784881
6436378,780309603003006,0.0
6436379,780309603003007,0.0
6436380,780309603003008,0.0
6436381,780309603003009,0.0
6436382,780309603003010,448.07298075626437
6436383,780309604001001,760.591835385785
6436384,780309604001002,1918.4167994057693
6436385,780309604001003,0.0
6436386,780309604001006,820.3745757732531
6436387,780309604001007,438.1541459601692
6436388,780309604001008,0.0
6436389,780309604001009,2555.151366223912
6436390,780309604001010,0.0
6436391,780309604001011,1059.9740851215145
6436392,780309604001012,2105.903253782834
6436393,780309604001013,3478.5496725618955
6436394,780309604001014,503.00236315646913
6436395,780309604001015,1238.8330338101323
6436396,780309604001016,2251.3897853147455
6436397,780309604001021,5567.160264838618
6436398,780309604001022,4345.097208831483
6436399,780309604001023,2196.7782124576584
6436400,780309604001024,2933.0075880837203
6436401,780309604001025,1896.10085934173
6436402,780309604001027,0.0
6436403,780309604002000,0.0
6436404,780309604002001,361.26793309371425
6436405,780309604002002,1481.003033617855
6436406,780309604002003,4644.642553661854
6436407,780309604002004,1000.0065447007148
6436408,780309604002005,713.6007845099365
6436409,780309604002006,607.0284507429232
6436410,780309604002007,3584.625729462514
6436411,780309604002008,0.0
6436412,780309604002009,0.0
6436413,780309604002010,16968.49345316931
6436414,780309604002011,1850.7569271786454
6436415,780309604002012,1559.9587508727636
6436416,780309604002013,1363.76260955506
6436417,780309604002014,2646.8341123282357
6436418,780309604002015,2290.6155804610116
6436419,780309604002016,0.0
6436420,780309604002017,4231.909710638157
6436421,780309604002018,142.79103773220675
6436422,780309604002019,3619.1231188590286
6436423,780309604002020,1092.9337278230396
6436424,780309604002021,863.5403384123501
6436425,780309604002022,1145.730118803547
6436426,780309604002024,1716.3105172667126
6436427,780309604002025,0.0
6436428,780309604003000,27.103513824272614
6436429,780309604003001,0.0
6436430,780309604003002,72.43357187819781
6436431,780309604003003,181.96879667537414
6436432,780309604003004,2428.4071338101753
6436433,780309604003005,1150.557884702861
6436434,780309604003006,500.0877145870356
6436435,780309604003007,450.6073997203187
6436436,780309604003008,875.0131081624095
6436437,780309604003009,0.0
6436438,780309604003010,541.093368181496
6436439,780309604003011,752.8786807791265
6436440,780309604003012,408.5453374311132
6436441,780309604004000,25.54565378006094
6436442,780309604004001,889.6809907624533
6436443,780309604004002,1480.6352878456703
6436444,780309604004003,352.55341188010107
6436445,780309604004004,420.5708434941797
6436446,780309604004005,107.90409326819541
6436447,780309604004006,788.8283948558808
6436448,780309604004007,351.3366725435184
6436449,780309604004008,277.8372789643293
6436450,780309604004009,1480.3199877421464
6436451,780309604004010,990.6639205818053
6436452,780309604004011,1132.972683424211
6436453,780309605001000,0.0
6436454,780309605001004,5319.047978504192
6436455,780309605001005,1513.8737216060545
6436456,780309605001007,2528.8973794212757
6436457,780309605001008,153.3381670545259
6436458,780309605001012,4506.264506383337
6436459,780309605001013,4040.260216425256
6436460,780309605001015,936.1451756630428
6436461,780309605001021,0.0
6436462,780309605001025,921.3603700121976
6436463,780309605001026,1108.6219501004193
6436464,780309605001027,751.0831851784358
6436465,780309605001028,191.63964942828613
6436466,780309605001030,1275.9927444539717
6436467,780309605001032,5814.045894539142
6436468,780309605001033,202.46822476382417
6436469,780309605001034,4861.185267091693
6436470,780309605001035,630.8866448379382
6436471,780309605001036,275.7970590759879
6436472,780309605001037,2594.0371282392744
6436473,780309605001039,832.1171942874341
6436474,780309605001041,322.84074814492817
6436475,780309605001042,2884.1324070124024
6436476,780309605001043,27499.122028678667
6436477,780309605001044,2501.7007772955744
6436478,780309605001045,170.94302607458678
6436479,780309605001047,34.190338838578086
6436480,780309605001056,3005.250249782105
6436481,780309605001057,265.71536977320056
6436482,780309605001061,0.0
6436483,780309605002003,4211.372769188442
6436484,780309605002006,2704.146250091772
6436485,780309605002008,0.0
6436486,780309605002009,0.0
6436487,780309605002010,1061.9193036078036
6436488,780309605002011,2042.4649321065424
6436489,780309605002012,335.3302971308908
6436490,780309605002014,333.37189397347856
6436491,780309605002016,15134.436227196133
6436492,780309605002017,260.75182113819346
6436493,780309605002018,801.821396030728
6436494,780309605002019,154.9894900818915
6436495,780309605002020,319.6544779643002
6436496,780309605002021,164.9914310779312
6436497,780309605002022,4912.291539789089
6436498,780309605002023,8248.976200671785
6436499,780309605002025,1537.000407239182
6436500,780309605002026,3366.9300221900485
6436501,780309605002027,3593.229405653786
6436502,780309605002031,352.2457467161042
6436503,780309605002032,3891.605720197808
6436504,780309605002033,2777.3987798345374
6436505,780309605002034,238.02372373429554
6436506,780309605003001,3399.7152353059073
6436507,780309605003003,0.0
6436508,780309605003004,0.0
6436509,780309605003005,2259.9642714488687
6436510,780309605003006,238.16743432764994
6436511,780309605003007,2268.3318376926395
6436512,780309605003008,4115.390663431199
6436513,780309605003009,672.7247092450705
6436514,780309605003010,8361.974219292892
6436515,780309605003011,2518.736585490017
6436516,780309605003012,883.280769334722
6436517,780309605003013,787.5989653730804
6436518,780309605003014,3043.841407862263
6436519,780309605003015,627.034529365485
6436520,780309605003016,3686.8051498793534
6436521,780309605003017,969.2731040603371
6436522,780309605003018,3789.379550320477
6436523,780309605003019,2874.6386270980047
6436524,780309605003020,727.7042652655088
6436525,780309605003021,3254.5942235009593
6436526,780309605003022,5166.409356500462
6436527,780309605003023,5319.170602649609
6436528,780309605003024,7225.566150097931
6436529,780309605003025,410.2873696376503
6436530,780309605003026,1115.2106777299255
6436531,780309605003027,286.2268411501559
6436532,780309605004000,0.0
6436533,780309605004004,0.0
6436534,780309605004008,240.500985536463
6436535,780309605004009,0.0
6436536,780309605004011,342.38752098477175
6436537,780309605004012,85.8499571088027
6436538,780309605004013,475.5101302766687
6436539,780309605004014,624.7504708868898
6436540,780309605004015,38.14698023269168
6436541,780309605004016,4568.240321305607
6436542,780309605004017,1974.5349218110755
6436543,780309605004018,0.0
6436544,780309605004019,513.5033731093715
6436545,780309605004020,0.0
6436546,780309605004021,362.3082901327413
6436547,780309605004022,508.2177469353444
6436548,780309605005000,504.03873239460916
6436549,780309605005004,664.6628012906008
6436550,780309605005005,950.5302114588691
6436551,780309605005006,1128.33215336432
6436552,780309605005007,3180.166495060603
6436553,780309605005008,560.4794722622768
6436554,780309605005009,264.5122631585475
6436555,780309605005010,1252.947415098457
6436556,780309605005011,32.79170955231466
6436557,780309606001000,2212.8704708865203
6436558,780309606001001,1591.098220177849
6436559,780309606001002,2106.404217498906
6436560,780309606001003,3015.145903423797
6436561,780309606001004,4445.495051632201
6436562,780309606001005,1667.7602876063806
6436563,780309606001006,0.0
6436564,780309606001007,1882.9086085797576
6436565,780309606001008,524.0797157670918
6436566,780309606001009,0.0
6436567,780309606001010,491.4176310453786
6436568,780309606001011,4120.756506477441
6436569,780309606001012,235.40678137709978
6436570,780309606002000,3330.555616320171
6436571,780309606002001,806.595433181609
6436572,780309606002002,502.7331421959546
6436573,780309606002003,10700.280089001695
6436574,780309606002004,2274.5271650915593
6436575,780309606002005,3316.0194183864937
6436576,780309606002006,1990.9843943660885
6436577,780309606002007,452.136963766842
6436578,780309606002008,2254.4070388592045
6436579,780309606002009,759.9089579561958
6436580,780309606002010,311.1906429434122
6436581,780309606002011,4611.721312890906
6436582,780309606002012,386.97464132629693
6436583,780309606002013,347.87222486094754
6436584,780309606002014,4967.585173380713
6436585,780309606002015,2022.0187574000436
6436586,780309606002016,569.4451275000685
6436587,780309606003000,539.9844933334098
6436588,780309606003001,600.1264980624337
6436589,780309606003002,3233.123459741159
6436590,780309606003003,1093.587219919448
6436591,780309606003004,246.61561207813102
6436592,780309606003005,459.65040833387087
6436593,780309606003006,9457.03327273866
6436594,780309606003007,24766.341983777686
6436595,780309606003008,162.61705349212792
6436596,780309606003009,2282.2047256699434
6436597,780309606003010,145.39871566639223
6436598,780309606003011,1205.1971050367401
6436599,780309606003012,4262.379134530262
6436600,780309606003013,20785.74109133745
6436601,780309606003014,53.03922059492429
6436602,780309606003015,2565.168624371272
6436603,780309607001000,8183.824671887445
6436604,780309607001001,5060.195633894395
6436605,780309607001002,1073.2506518959774
6436606,780309607001003,14392.587406851395
6436607,780309607001004,999.8320079874832
6436608,780309607001005,1206.2897020036387
6436609,780309607001006,202.69644278117525
6436610,780309607001007,0.0
6436611,780309607001008,16.35010328476839
6436612,780309607002000,745.945750266482
6436613,780309607002001,1185.7053663707768
6436614,780309607002002,2507.577713926979
6436615,780309607002003,2461.1554604731937
6436616,780309607002004,822.232213231784
6436617,780309607002005,3800.640824754259
6436618,780309607002006,196.444400600077
6436619,780309607002007,52.26462305149442
6436620,780309607002009,1420.4288569240207
6436621,780309607002010,208.0943015321999
6436622,780309607002011,472.89154364131565
6436623,780309607002012,20.877832305506157
6436624,780309607002013,142.802715826939
6436625,780309607002014,7976.733937337671
6436626,780309607003000,186.91670831118316
6436627,780309607003001,0.0
6436628,780309607003002,317.5128709869962
6436629,780309607003006,260.5536380509723
6436630,780309607003007,0.0
6436631,780309607003008,659.1465898612255
6436632,780309607003010,93.65894032740576
6436633,780309607003011,870.3909442321138
6436634,780309607003012,121.78632738510684
6436635,780309607003013,534.3657580984511
6436636,780309607003014,7806.71887969894
6436637,780309607003018,1418.3151420222484
6436638,780309607003019,348.85095745550564
6436639,780309607003021,7007.8567052575745
6436640,780309607003030,842.4905515914176
6436641,780309607003045,5794.11858287341
6436642,780309608001000,2541.8128329033425
6436643,780309608001001,1090.865187607007
6436644,780309608001002,629.2440753487958
6436645,780309608001003,4299.525354925198
6436646,780309608001004,1241.201660347281
6436647,780309608001005,1779.298578637312
6436648,780309608001006,0.0
6436649,780309608001007,750.1157646015852
6436650,780309608001008,2105.439229942649
6436651,780309608001009,1158.0566518682551
6436652,780309608001010,281.1626501818668
6436653,780309608001011,1424.085638030897
6436654,780309608001012,1058.5151068501439
6436655,780309608001013,0.0
6436656,780309608001014,0.0
6436657,780309608001021,0.0
6436658,780309608001022,0.0
6436659,780309608001024,73.4172336411254
6436660,780309608001027,1676.6974136778301
6436661,780309608001028,0.0
6436662,780309608001029,0.0
6436663,780309608001033,0.0
6436664,780309608001034,318.31697816719844
6436665,780309608001035,128.46997905381727
6436666,780309608001036,0.0
6436667,780309608001044,0.0
6436668,780309608001046,2335.687404720359
6436669,780309608001048,0.0
6436670,780309608001050,947.8116228144019
6436671,780309608001053,124.85297871087339
6436672,780309608001054,23308.61364760862
6436673,780309608001055,1444.4937420418705
6436674,780309608001056,2623.9410345067154
6436675,780309608001057,1410.8259020800738
6436676,780309608001059,214.0382261855038
6436677,780309608001061,262.16855730189405
6436678,780309608001062,3238.6149977686364
6436679,780309608001071,0.0
6436680,780309608002000,3232.7267157949377
6436681,780309608002001,1098.4477638073934
6436682,780309608002002,1744.3999824331665
6436683,780309608002003,1098.2282815905608
6436684,780309608002004,888.7025261546203
6436685,780309608002005,1075.0394191528364
6436686,780309608002006,169.38091627797579
6436687,780309608002007,0.0
6436688,780309608002008,784.7561745683397
6436689,780309608002009,859.9810647213236
6436690,780309608002010,0.0
6436691,780309608002011,1131.4567130296523
6436692,780309609001000,1764.4940982130302
6436693,780309609001001,4004.8994841974395
6436694,780309609001002,3121.800605875497
6436695,780309609001003,589.3181555691073
6436696,780309609001004,1969.7424286448042
6436697,780309609001005,4122.145636715155
6436698,780309609001006,0.0
6436699,780309609001010,0.0
6436700,780309609001011,3114.3652661510587
6436701,780309609001012,199.88663936423387
6436702,780309609001013,1807.420391207645
6436703,780309609001014,2185.5389574049977
6436704,780309609001015,3945.5036060846332
6436705,780309609001016,1334.831822247716
6436706,780309609001017,126.5030254832989
6436707,780309609001018,818.4798128264157
6436708,780309609001019,1593.0130017136487
6436709,780309609001020,83.16537411405123
6436710,780309609001021,99.79074350990155
6436711,780309609001022,1338.236005497673
6436712,780309609001025,2007.1220445834267
6436713,780309609001031,164.97579526175952
6436714,780309609001032,4141.768243462945
6436715,780309609001033,0.0
6436716,780309609001034,4415.012729768499
6436717,780309609001035,287.02821171622367
6436718,780309609002000,2888.311284256613
6436719,780309609002001,1752.9340169622767
6436720,780309609002002,9760.186169469713
6436721,780309609002003,814.1596844989098
6436722,780309609002004,341.35119846794913
6436723,780309609002005,5440.604810666234
6436724,780309609002006,838.5881747343183
6436725,780309609002007,2324.197811213069
6436726,780309609002010,680.8635205360484
6436727,780309609002011,263.477506866545
6436728,780309609002012,2142.206606721938
6436729,780309609002024,0.0
6436730,780309610001000,617.1134520625985
6436731,780309610001001,619.5218760829162
6436732,780309610001002,4504.67723401818
6436733,780309610001003,202.96653648537654
6436734,780309610001004,1028.2393285084586
6436735,780309610001005,709.8884527557003
6436736,780309610001006,0.0
6436737,780309610001007,0.0
6436738,780309610001008,0.0
6436739,780309610001009,0.0
6436740,780309610001010,0.0
6436741,780309610001011,0.0
6436742,780309610001012,0.0
6436743,780309610001014,0.0
6436744,780309610001015,6934.775179750467
6436745,780309610001016,523.5023852809662
6436746,780309610001017,39.37461482320399
6436747,780309610001018,1774.5737780094328
6436748,780309610001019,573.7725780998134
6436749,780309610002000,0.0
6436750,780309610002001,1465.8704707633867
6436751,780309610002002,2510.9499061783845
6436752,780309610002003,600.9686746652933
6436753,780309610002004,5451.337387873877
6436754,780309610002005,2616.5084093711957
6436755,780309610002006,2942.5792315647286
6436756,780309610002007,6425.34011479841
6436757,780309610002008,695.9360888218403
6436758,780309610002009,1756.8703023054961
6436759,780309610002010,315.932959399593
6436760,780309610002011,1178.4027536479225
6436761,780309610002012,0.0
6436762,780309610002013,0.0
6436763,780309610002014,0.0
6436764,780309610002015,2223.537097060488
6436765,780309610002016,4714.067027369637
6436766,780309610002017,610.5872017985304
6436767,780309610002018,4971.460791826044
6436768,780309610002019,2236.2976303987907
6436769,780309610002020,1223.7673949407745
6436770,780309610002021,581.4184102647947
6436771,780309610002022,3217.2196670063195
6436772,780309610002023,1317.6806471976674
6436773,780309610002024,110.13249573239771
6436774,780309610002025,0.0
6436775,780309610002026,0.0
6436776,780309610003000,511.2454484013656
6436777,780309610003001,977.4389531805466
6436778,780309610003002,29.60419093661195
6436779,780309610003003,0.0
6436780,780309610003004,0.0
6436781,780309610003005,567.7657637638679
6436782,780309610003006,600.4332508794914
6436783,780309610003007,1780.213451900695
6436784,780309610003008,733.5860031969131
6436785,780309610003009,1601.1713418445024
6436786,780309610003010,950.509095514298
6436787,780309610003011,314.4229694161745
6436788,780309610003012,0.0
6436789,780309610003013,279.48102351633503
6436790,780309610003014,3665.9630110601847
6436791,780309610003015,1039.1627070755487
6436792,780309610003016,1422.4609169949845
6436793,780309610003017,568.0698540614179
6436794,780309610003018,0.0
6436795,780309610003019,217.50920811240218
6436796,780309610003020,0.0
6436797,780309610003021,0.0
6436798,780309610003022,25.416662403652783
6436799,780309610003023,442.9433949825855
6436800,780309610003024,393.9055556544628
6436801,780309610004002,227.03544862039553
6436802,780309610004004,0.0
6436803,780309610004005,365.44240914133997
6436804,780309610004006,0.0
6436805,780309610004007,1297.0951381699108
6436806,780309610004008,396.98181584444313
6436807,780309610004009,0.0
6436808,780309610004010,0.0
6436809,780309610004011,8481.480135606353
6436810,780309610004012,0.0
6436811,780309610004014,1766.9290083047447
6436812,780309610004015,0.0
6436813,780309610004016,162.92211145420384
6436814,780309610004017,2418.6273520784707
6436815,780309610004018,3592.99286459518
6436816,780309610004019,1896.7984226257524
6436817,780309610004020,1429.3640967711776
6436818,780309610004021,0.0
6436819,780309610004024,1945.7061980328353
6436820,780309610005000,890.5088448429499
6436821,780309610005001,136.24748148385748
6436822,780309610005002,9068.8369780635
6436823,780309610005003,859.5243044236398
6436824,780309610005004,1506.9604356690388
6436825,780309610005005,305.87801096288024
6436826,780309610005006,580.5106406591817
6436827,780309610005007,1602.979720695163
6436828,780309610005008,213.22543811314537
6436829,780309610005009,7142.920873366315
6436830,780309610005010,282.3085672775017
6436831,780309610005011,477.7136979894801
6436832,780309610005012,835.2388651619269
6436833,780309610005013,1114.3767937001928
6436834,780309610005014,947.9813783706263
6436835,780309610005015,0.0
6436836,780309610005016,1647.6020621827945
6436837,780309610005017,2002.9868741591436
6436838,780309610005018,0.0
6436839,780309610005019,5795.600108193287
6436840,780309611001000,366.7878633885129
6436841,780309611001001,0.0
6436842,780309611001002,0.0
6436843,780309611001003,1477.7279497018312
6436844,780309611001004,14446.710251726541
6436845,780309611001005,9845.642953264523
6436846,780309611001006,1375.3901349833345
6436847,780309611001007,2757.6082120196315
6436848,780309611001008,55.891663587512646
6436849,780309611001009,0.0
6436850,780309611001010,703.073746139432
6436851,780309611001011,0.0
6436852,780309611001012,3028.646996425621
6436853,780309611001013,4705.657923698787
6436854,780309611001014,1609.2173888977609
6436855,780309611001015,666.3839468317558
6436856,780309611001016,122.24735247892198
6436857,780309611001017,881.7592019102251
6436858,780309611002000,372.1423953437202
6436859,780309611002001,0.0
6436860,780309611002002,1136.6444982334192
6436861,780309611002003,2740.30393473601
6436862,780309611002004,3.2977058370986714
6436863,780309611002005,0.0
6436864,780309611002006,0.0
6436865,780309611002007,0.0
6436866,780309611002008,0.0
6436867,780309611002009,21.757572965085803
6436868,780309611002010,591.1478478638778
6436869,780309611002011,1815.1008258620398
6436870,780309611002012,0.0
6436871,780309611002013,175.36541642956888
6436872,780309611002014,670.7202905345281
6436873,780309611002015,1343.2221914224656
6436874,780309611002016,1389.462056174202
6436875,780309611002017,33.74933612881963
6436876,780309612001000,1030.1968275921568
6436877,780309612001001,1195.4290714718356
6436878,780309612001002,2636.096214710816
6436879,780309612001003,7705.985991018288
6436880,780309612001004,608.3421846205731
6436881,780309612001005,248.10408998032767
6436882,780309612001006,689.2982982812005
6436883,780309612001007,900.973310368482
6436884,780309612001008,1034.6137842542166
6436885,780309612001009,421.7839000987745
6436886,780309612001010,0.0
6436887,780309612001011,427.53904561755184
6436888,780309612001012,2080.1026538112105
6436889,780309612001013,333.5953028538518
6436890,780309612001014,3443.116065665744
6436891,780309612001015,1123.6626131193177
6436892,780309612001016,406.2304611380133
6436893,780309612001017,0.0
6436894,780309612001018,0.0
6436895,780309612001019,0.0
6436896,780309612001020,8715.107706867368
6436897,780309612001021,0.0
6436898,780309612001022,195.00826896646333
6436899,780309612001023,1500.640948429993
6436900,780309612001024,3654.3656948376743
6436901,780309612002000,1157.3627160597894
6436902,780309612002001,4132.969222817856
6436903,780309612002003,1098.1734188553664
6436904,780309612002004,2291.2191636272555
6436905,780309612002005,3946.8768893078286
6436906,780309612002006,0.0
6436907,780309612002007,0.0
6436908,780309612002008,451.5225870089974
6436909,780309612002009,2642.989843537005
6436910,780309612002010,3380.9992257559634
6436911,780309612002011,2286.5115492547966
6436912,780309612002012,4559.913353605052
6436913,780309612002013,8281.86951079303
6436914,780309612002014,736.2854667264179
6436915,780309612002015,641.0701922867682
6436916,780309612002016,0.0
6436917,780309612002017,1966.91157117832
6436918,780309612002018,2347.4943941645224
6436919,780309612002019,3713.8639569905463
6436920,780309612002020,2479.6645166742214
6436921,780309612002021,9086.926168392967
6436922,780309612002022,100.67627305352335
6436923,780309612002023,0.0
6436924,780309612002024,0.0
6436925,780309612002025,0.0
6436926,780309612002026,817.3947661969327
6436927,780309612002027,0.0
6436928,780309612002028,0.0
6436929,780309612002029,117.21106655046859
6436930,780309612002030,0.0
6436931,780309612002031,0.0
6436932,780309612002033,0.0
6436933,780309612002037,13304.819346927598
6436934,780309612002038,0.0
6436935,780309612002039,6393.952322405458
6436936,780309612002040,1173.4420791468551
6436937,780309612002045,0.0
6436938,780309612002047,901.4624063995144
6436939,780309612002048,3476.3921438288608
6436940,780109701001001,2268.1353518861583
6436941,780109701001002,1738.1375913820752
6436942,780109701001003,2035.430792550617
6436943,780109701001004,4183.134923302369
6436944,780109701001005,325.32366074896726
6436945,780109701001008,0.0
6436946,780109701001009,0.0
6436947,780109701001010,726.5407745981057
6436948,780109701001011,2642.985541691935
6436949,780109701001012,1282.298392132393
6436950,780109701001013,0.0
6436951,780109701001015,954.9642683121043
6436952,780109701001018,0.0
6436953,780109701001019,1578.0740006759588
6436954,780109701001020,60.4431823526512
6436955,780109701001021,480.27814549100196
6436956,780109701001022,0.0
6436957,780109701001023,0.0
6436958,780109701001024,175.96884082357641
6436959,780109701001025,392.43751570231086
6436960,780109701001026,348.0794958647973
6436961,780109701001027,0.0
6436962,780109701001028,0.0
6436963,780109701001029,0.0
6436964,780109701001030,206.01725068103192
6436965,780109701001031,1148.158954287859
6436966,780109701001032,339.223341255373
6436967,780109701001033,60.44333378073148
6436968,780109701001034,87.01831857506113
6436969,780109701001035,0.0
6436970,780109701001036,0.0
6436971,780109701001037,0.0
6436972,780109701001038,1990.2686564575824
6436973,780109701002000,0.0
6436974,780109701002001,448.35226265033725
6436975,780109701002002,304.3117365710688
6436976,780109701002004,0.0
6436977,780109701002007,0.0
6436978,780109701002009,214.9341977373132
6436979,780109701002010,817.0621446800274
6436980,780109701002011,115.57308483880544
6436981,780109701002012,0.0
6436982,780109701002015,17687.322469694514
6436983,780109701002016,0.0
6436984,780109701002017,764.6139604818006
6436985,780109701002018,811.1935678349851
6436986,780109701002019,739.5239192440132
6436987,780109701002020,0.0
6436988,780109701002023,0.0
6436989,780109701002025,218.5112991153141
6436990,780109701002026,1285.5756700225509
6436991,780109701002029,1060.6758762267887
6436992,780109701002030,2683.0760607273737
6436993,780109701002031,207.5696816802311
6436994,780109701002035,534.2571992753773
6436995,780109701002036,31.72345045403099
6436996,780109701002038,530.0492654776197
6436997,780109701002039,236.42807401334028
6436998,780109701002040,1068.7662979047511
6436999,780109701002041,628.436323100656
6437000,780109701002042,298.52350873921364
6437001,780109701002043,20.74344099164704
6437002,780109701002044,0.0
6437003,780109701002045,0.0
6437004,780109701002046,0.0
6437005,780109701002047,225.96071365311573
6437006,780109701002048,0.0
6437007,780109701002049,0.0
6437008,780109701002050,0.0
6437009,780109701002051,1298.7664636791728
6437010,780109701002052,0.0
6437011,780109701002053,0.0
6437012,780109701002054,0.0
6437013,780109701002055,0.0
6437014,780109701002056,706.8480592504511
6437015,780109701002057,25.323648420594285
6437016,780109701002058,0.0
6437017,780109701002059,447.6264565095346
6437018,780109701002060,0.0
6437019,780109701002061,61.81863534374262
6437020,780109701002062,0.0
6437021,780109701002064,1239.0048613802653
6437022,780109701002065,538.6004197649008
6437023,780109701002066,182.84059411870336
6437024,780109701002069,933.1673082287502
6437025,780109701002070,614.2439342126854
6437026,780109701002071,0.0
6437027,780109701002072,607.049017718605
6437028,780109701002073,27.130718916269625
6437029,780109701002074,186.66506144995492
6437030,780109701002075,273.757166571616
6437031,780109701002076,376.3076370521419
6437032,780109701002077,398.3754322024427
6437033,780109701002083,238.64822238907652
6437034,780109701002084,389.92310515900334
6437035,780109701002088,224.87577278402128
6437036,780109701002089,1040.391812199746
6437037,780109701002090,1019.620172993064
6437038,780109701002092,244.20310796945142
6437039,780109701002093,788.5474090127906
6437040,780109701002095,516.9254221362564
6437041,780109701002096,174.0238549324559
6437042,780109701002097,630.9641661845931
6437043,780109701002100,91.09245169279684
6437044,780109701002101,310.42352133190053
6437045,780109701002102,594.6710396285837
6437046,780109701002103,299.882529020583
6437047,780109701002107,198.81536144323815
6437048,780109701002109,6048.63713163492
6437049,780109702001000,95.71203571499375
6437050,780109702001001,0.0
6437051,780109702001002,0.0
6437052,780109702001003,0.0
6437053,780109702001004,1193.2454666604647
6437054,780109702001005,3114.9634640132276
6437055,780109702001006,2098.216824933035
6437056,780109702001007,0.0
6437057,780109702001008,0.0
6437058,780109702001009,1041.4470061914553
6437059,780109702001010,0.0
6437060,780109702001011,0.0
6437061,780109702001012,3416.070807519043
6437062,780109702001013,986.5720001059633
6437063,780109702001014,5404.504100445062
6437064,780109702001015,16877.324197848757
6437065,780109702001016,1457.700033101716
6437066,780109702001017,1961.4489470240785
6437067,780109702001018,0.0
6437068,780109702001019,1664.3738191573707
6437069,780109702002004,0.0
6437070,780109702002005,0.0
6437071,780109702002006,2129.5308025513064
6437072,780109702002007,898.6893780228198
6437073,780109702002008,811.5323930598183
6437074,780109702002009,2201.5649785471132
6437075,780109702002010,0.0
6437076,780109702002011,968.2533321022376
6437077,780109702002012,591.9693858795915
6437078,780109702002013,220.68686140338616
6437079,780109702002014,538.6790039893225
6437080,780109702002015,84.95440781403906
6437081,780109702002017,0.0
6437082,780109702002018,0.0
6437083,780109702002019,0.0
6437084,780109702002020,223.24070904517714
6437085,780109702002021,487.8718756489039
6437086,780109702002022,0.0
6437087,780109702002023,201.43430112528318
6437088,780109702002024,0.0
6437089,780109702002025,0.0
6437090,780109702002026,549.0749414268424
6437091,780109702002027,705.0755185430335
6437092,780109702002028,0.0
6437093,780109702002029,407.21045565215894
6437094,780109702002030,0.0
6437095,780109702002031,0.0
6437096,780109702002032,562.2321047255664
6437097,780109702002033,498.0736858126464
6437098,780109702002034,1079.4239105659935
6437099,780109702002035,702.512866541128
6437100,780109702002037,547.4627070747478
6437101,780109702002038,0.0
6437102,780109702002039,0.0
6437103,780109702002040,387.05685887545127
6437104,780109702002041,30.87833467205086
6437105,780109702002042,0.0
6437106,780109702002043,1104.2131478174256
6437107,780109702002044,209.09165396142356
6437108,780109702002045,0.0
6437109,780109702002046,533.3798536723501
6437110,780109702002047,191.9897235416536
6437111,780109702002048,2311.4334742254036
6437112,780109702002049,562.6560837562783
6437113,780109702002050,631.4807240713388
6437114,780109702002051,298.37611829111995
6437115,780109702002052,321.6628678149694
6437116,780109702002053,2104.1801305978424
6437117,780109702002054,23.07606136075564
6437118,780109702002055,732.1974764108339
6437119,780109702002056,318.8146705748087
6437120,780109702002057,864.141512718481
6437121,780109702002058,394.12699490514706
6437122,780109702002059,20.717406445692937
6437123,780109702002060,1108.1577509655203
6437124,780109702002061,817.3661398508164
6437125,780109702002062,166.7464186177375
6437126,780109702002063,1487.0149251058365
6437127,780109702002064,691.496320575137
6437128,780109702002065,472.8450550464963
6437129,780109702002066,0.0
6437130,780109702002067,71.2195825757043
6437131,780109702002068,51.44456037273914
6437132,780109702002069,0.0
6437133,780109702002070,0.0
6437134,780109702002071,452.8033693608625
6437135,780109702002072,0.0
6437136,780109702002073,0.0
6437137,780109702002076,170.9518796761993
6437138,780109702002077,0.0
6437139,780109702002078,0.0
6437140,780109702002079,0.0
6437141,780109702002080,124.64248698855366
6437142,780109702002081,0.0
6437143,780109703001000,207.38643020947148
6437144,780109703001001,19.709146026673498
6437145,780109703001002,432.1115127305067
6437146,780109703001003,127.76674738230096
6437147,780109703001004,582.1062586773487
